Sub_111/U22/IN2,Sub_111U22,AND2X1
Sub_111/U22/IN1,Sub_111U22,AND2X1
Sub_111/U22/Q,Sub_111U22,AND2X1
Sub_111/U19/IN2,Sub_111U19,AND2X1
Sub_111/U19/IN1,Sub_111U19,AND2X1
Sub_111/U9/IN2,Sub_111U9,AND2X1
Sub_111/U9/IN1,Sub_111U9,AND2X1
Sub_111/U20/IN2,Sub_111U20,AND2X1
Sub_111/U20/IN1,Sub_111U20,AND2X1
Sub_111/U19/Q,Sub_111U19,AND2X1
Sub_111/U9/Q,Sub_111U9,AND2X1
Sub_111/U20/Q,Sub_111U20,AND2X1
Sub_111/U26/IN2,Sub_111U26,AND2X1
Sub_111/U26/IN1,Sub_111U26,AND2X1
Sub_111/U11/IN2,Sub_111U11,AND2X1
Sub_111/U11/IN1,Sub_111U11,AND2X1
Sub_111/U12/IN2,Sub_111U12,AND2X1
Sub_111/U12/IN1,Sub_111U12,AND2X1
Sub_111/U16/INP,Sub_111U16,INVX0
Sub_111/U18/IN2,Sub_111U18,NAND2X0
Sub_111/U18/IN1,Sub_111U18,NAND2X0
Sub_111/U29/IN2,Sub_111U29,NAND2X0
Sub_111/U29/IN1,Sub_111U29,NAND2X0
Sub_111/U26/Q,Sub_111U26,AND2X1
Sub_111/U11/Q,Sub_111U11,AND2X1
IR_reg[8]/Q,IR_reg[8],DFFARX1
Sub_111/U12/Q,Sub_111U12,AND2X1
IR_reg[6]/Q,IR_reg[6],DFFARX1
IR_reg[5]/Q,IR_reg[5],DFFARX1
Sub_111/U16/ZN,Sub_111U16,INVX0
IR_reg[1]/Q,IR_reg[1],DFFARX1
IR_reg[3]/Q,IR_reg[3],DFFARX1
IR_reg[4]/Q,IR_reg[4],DFFARX1
Sub_111/U18/QN,Sub_111U18,NAND2X0
Sub_111/U29/QN,Sub_111U29,NAND2X0
Sub_111/U27/IN2,Sub_111U27,AND2X1
Sub_111/U27/IN1,Sub_111U27,AND2X1
Sub_111/U35/IN2,Sub_111U35,AND2X1
Sub_111/U35/IN1,Sub_111U35,AND2X1
Sub_111/U62/INP,Sub_111U62,INVX0
IR_reg[6]/CLK,IR_reg[6],DFFARX1
Sub_111/U55/IN2,Sub_111U55,AND2X1
Sub_111/U55/IN1,Sub_111U55,AND2X1
Sub_111/U65/INP,Sub_111U65,INVX0
IR_reg[5]/CLK,IR_reg[5],DFFARX1
Sub_111/U56/IN2,Sub_111U56,AND2X1
Sub_111/U56/IN1,Sub_111U56,AND2X1
Sub_111/U61/INP,Sub_111U61,INVX0
Sub_111/U117/INP,Sub_111U117,INVX0
IR_reg[1]/CLK,IR_reg[1],DFFARX1
Sub_111/U17/INP,Sub_111U17,INVX0
Sub_111/U116/INP,Sub_111U116,INVX0
IR_reg[0]/CLK,IR_reg[0],DFFARX1
Sub_111/U58/INP,Sub_111U58,INVX0
Sub_111/U25/IN2,Sub_111U25,AND2X4
Sub_111/U25/IN1,Sub_111U25,AND2X4
Sub_111/U23/IN2,Sub_111U23,AND2X1
Sub_111/U23/IN1,Sub_111U23,AND2X1
Sub_111/U60/INP,Sub_111U60,INVX0
Sub_111/U15/IN2,Sub_111U15,AND2X2
Sub_111/U15/IN1,Sub_111U15,AND2X2
Sub_111/U68/INP,Sub_111U68,INVX0
Sub_111/U28/IN2,Sub_111U28,NOR2X0
Sub_111/U28/IN1,Sub_111U28,NOR2X0
Sub_111/U69/INP,Sub_111U69,INVX0
Sub_111/U8/IN2,Sub_111U8,AND2X1
Sub_111/U8/IN1,Sub_111U8,AND2X1
Sub_111/U32/IN2,Sub_111U32,AND2X1
Sub_111/U32/IN1,Sub_111U32,AND2X1
Sub_111/U7/IN2,Sub_111U7,AND2X1
Sub_111/U7/IN1,Sub_111U7,AND2X1
Sub_111/U30/IN2,Sub_111U30,AND2X1
Sub_111/U30/IN1,Sub_111U30,AND2X1
Sub_111/U27/Q,Sub_111U27,AND2X1
Sub_111/U35/Q,Sub_111U35,AND2X1
IR_reg[7]/Q,IR_reg[7],DFFARX1
Sub_111/U62/ZN,Sub_111U62,INVX0
IR_reg[6]/QN,IR_reg[6],DFFARX1
Sub_111/U55/Q,Sub_111U55,AND2X1
Sub_111/U65/ZN,Sub_111U65,INVX0
IR_reg[5]/QN,IR_reg[5],DFFARX1
Sub_111/U56/Q,Sub_111U56,AND2X1
Sub_111/U61/ZN,Sub_111U61,INVX0
IR_reg[9]/Q,IR_reg[9],DFFARX1
Sub_111/U117/ZN,Sub_111U117,INVX0
IR_reg[2]/Q,IR_reg[2],DFFARX1
IR_reg[1]/QN,IR_reg[1],DFFARX1
Sub_111/U17/ZN,Sub_111U17,INVX0
Sub_111/U116/ZN,Sub_111U116,INVX0
IR_reg[0]/QN,IR_reg[0],DFFARX1
IR_reg[0]/Q,IR_reg[0],DFFARX1
Sub_111/U58/ZN,Sub_111U58,INVX0
Sub_111/U25/Q,Sub_111U25,AND2X4
Sub_111/U23/Q,Sub_111U23,AND2X1
Sub_111/U60/ZN,Sub_111U60,INVX0
Sub_111/U15/Q,Sub_111U15,AND2X2
Sub_111/U68/ZN,Sub_111U68,INVX0
Sub_111/U28/QN,Sub_111U28,NOR2X0
Sub_111/U69/ZN,Sub_111U69,INVX0
Sub_111/U8/Q,Sub_111U8,AND2X1
Sub_111/U32/Q,Sub_111U32,AND2X1
Sub_111/U7/Q,Sub_111U7,AND2X1
Sub_111/U30/Q,Sub_111U30,AND2X1
Reg3_reg[3]/CLK,Reg3_reg[3],DFFARX1
Reg3_reg[4]/CLK,Reg3_reg[4],DFFARX1
IR_reg[7]/CLK,IR_reg[7],DFFARX1
Sub_111/U34/IN2,Sub_111U34,AND2X1
Sub_111/U34/IN1,Sub_111U34,AND2X1
Sub_111/U63/INP,Sub_111U63,INVX0
IR_reg[8]/CLK,IR_reg[8],DFFARX1
Sub_111/U53/IN2,Sub_111U53,AND2X1
Sub_111/U53/IN1,Sub_111U53,AND2X1
Sub_111/U10/INP,Sub_111U10,NBUFFX2
U2978/INP,U2978,INVX0
Sub_111/U111/IN2,Sub_111U111,XOR2X1
Sub_111/U111/IN1,Sub_111U111,XOR2X1
U2981/INP,U2981,INVX0
Sub_111/U13/IN2,Sub_111U13,XOR2X1
Sub_111/U13/IN1,Sub_111U13,XOR2X1
IR_reg[9]/CLK,IR_reg[9],DFFARX1
Sub_111/U54/IN2,Sub_111U54,AND2X1
Sub_111/U54/IN1,Sub_111U54,AND2X1
Sub_111/U64/INP,Sub_111U64,INVX0
IR_reg[2]/CLK,IR_reg[2],DFFARX1
Sub_111/U4/IN2,Sub_111U4,AND2X1
Sub_111/U4/IN1,Sub_111U4,AND2X1
Sub_111/U59/INP,Sub_111U59,INVX0
U2980/INP,U2980,INVX0
Sub_111/U115/IN2,Sub_111U115,XOR2X1
Sub_111/U115/IN1,Sub_111U115,XOR2X1
U2967/INP,U2967,INVX0
Sub_111/U37/INP,Sub_111U37,DELLN2X2
IR_reg[3]/CLK,IR_reg[3],DFFARX1
Sub_111/U49/IN2,Sub_111U49,AND2X1
Sub_111/U49/IN1,Sub_111U49,AND2X1
Sub_111/U3/INP,Sub_111U3,DELLN2X2
IR_reg[4]/CLK,IR_reg[4],DFFARX1
Sub_111/U24/IN2,Sub_111U24,AND2X1
Sub_111/U24/IN1,Sub_111U24,AND2X1
Sub_111/U21/INP,Sub_111U21,DELLN1X2
Sub_111/U51/IN2,Sub_111U51,AND2X1
Sub_111/U51/IN1,Sub_111U51,AND2X1
Sub_111/U66/INP,Sub_111U66,INVX0
Sub_111/U52/IN2,Sub_111U52,AND2X1
Sub_111/U52/IN1,Sub_111U52,AND2X1
Sub_111/U67/INP,Sub_111U67,INVX0
IR_reg[11]/CLK,IR_reg[11],DFFARX1
Sub_111/U106/IN2,Sub_111U106,XOR2X1
Sub_111/U106/IN1,Sub_111U106,XOR2X1
IR_reg[10]/CLK,IR_reg[10],DFFARX1
Sub_111/U107/IN2,Sub_111U107,XOR2X1
Sub_111/U107/IN1,Sub_111U107,XOR2X1
Sub_111/U50/IN2,Sub_111U50,AND2X1
Sub_111/U50/IN1,Sub_111U50,AND2X1
Sub_111/U73/INP,Sub_111U73,INVX0
Sub_111/U33/IN2,Sub_111U33,AND2X1
Sub_111/U33/IN1,Sub_111U33,AND2X1
Sub_111/U72/INP,Sub_111U72,INVX0
Sub_111/U71/INP,Sub_111U71,INVX0
Sub_111/U48/IN2,Sub_111U48,AND2X1
Sub_111/U48/IN1,Sub_111U48,AND2X1
Sub_111/U70/INP,Sub_111U70,INVX0
Sub_111/U36/IN2,Sub_111U36,AND2X1
Sub_111/U36/IN1,Sub_111U36,AND2X1
Sub_111/U31/IN2,Sub_111U31,AND2X1
Sub_111/U31/IN1,Sub_111U31,AND2X1
Reg3_reg[3]/Q,Reg3_reg[3],DFFARX1
Reg3_reg[4]/Q,Reg3_reg[4],DFFARX1
IR_reg[7]/QN,IR_reg[7],DFFARX1
Sub_111/U34/Q,Sub_111U34,AND2X1
Sub_111/U63/ZN,Sub_111U63,INVX0
IR_reg[8]/QN,IR_reg[8],DFFARX1
Sub_111/U53/Q,Sub_111U53,AND2X1
Sub_111/U10/Z,Sub_111U10,NBUFFX2
U2978/ZN,U2978,INVX0
Sub_111/U111/Q,Sub_111U111,XOR2X1
U2981/ZN,U2981,INVX0
Sub_111/U13/Q,Sub_111U13,XOR2X1
IR_reg[9]/QN,IR_reg[9],DFFARX1
Sub_111/U54/Q,Sub_111U54,AND2X1
Sub_111/U64/ZN,Sub_111U64,INVX0
IR_reg[2]/QN,IR_reg[2],DFFARX1
Sub_111/U4/Q,Sub_111U4,AND2X1
Sub_111/U59/ZN,Sub_111U59,INVX0
U2980/ZN,U2980,INVX0
Sub_111/U115/Q,Sub_111U115,XOR2X1
U2967/ZN,U2967,INVX0
Sub_111/U37/Z,Sub_111U37,DELLN2X2
IR_reg[3]/QN,IR_reg[3],DFFARX1
Sub_111/U49/Q,Sub_111U49,AND2X1
Sub_111/U3/Z,Sub_111U3,DELLN2X2
IR_reg[4]/QN,IR_reg[4],DFFARX1
Sub_111/U24/Q,Sub_111U24,AND2X1
Sub_111/U21/Z,Sub_111U21,DELLN1X2
Sub_111/U51/Q,Sub_111U51,AND2X1
Sub_111/U66/ZN,Sub_111U66,INVX0
Sub_111/U52/Q,Sub_111U52,AND2X1
Sub_111/U67/ZN,Sub_111U67,INVX0
IR_reg[11]/Q,IR_reg[11],DFFARX1
Sub_111/U106/Q,Sub_111U106,XOR2X1
IR_reg[10]/Q,IR_reg[10],DFFARX1
Sub_111/U107/Q,Sub_111U107,XOR2X1
Sub_111/U50/Q,Sub_111U50,AND2X1
Sub_111/U73/ZN,Sub_111U73,INVX0
Sub_111/U33/Q,Sub_111U33,AND2X1
Sub_111/U72/ZN,Sub_111U72,INVX0
Sub_111/U71/ZN,Sub_111U71,INVX0
Sub_111/U48/Q,Sub_111U48,AND2X1
Sub_111/U70/ZN,Sub_111U70,INVX0
Sub_111/U36/Q,Sub_111U36,AND2X1
Sub_111/U31/Q,Sub_111U31,AND2X1
Add_122/U1/IN2,Add_122U1,AND2X1
Add_122/U1/IN1,Add_122U1,AND2X1
Reg3_reg[5]/CLK,Reg3_reg[5],DFFARX1
U2546/IN4,U2546,AND4X1
U2546/IN3,U2546,AND4X1
U2546/IN2,U2546,AND4X1
U2546/IN1,U2546,AND4X1
Sub_111/U38/IN2,Sub_111U38,AND2X1
Sub_111/U38/IN1,Sub_111U38,AND2X1
Sub_111/U83/INP,Sub_111U83,INVX0
U2977/INP,U2977,INVX0
Sub_111/U110/IN2,Sub_111U110,XOR2X1
Sub_111/U110/IN1,Sub_111U110,XOR2X1
U2974/INP,U2974,INVX0
Sub_111/U109/IN2,Sub_111U109,XOR2X1
Sub_111/U109/IN1,Sub_111U109,XOR2X1
U935/IN4,U935,AO22X1
U935/IN3,U935,AO22X1
U935/IN2,U935,AO22X1
U935/IN1,U935,AO22X1
U937/IN4,U937,AO22X1
U937/IN3,U937,AO22X1
U937/IN2,U937,AO22X1
U937/IN1,U937,AO22X1
U2979/INP,U2979,INVX0
Sub_111/U108/IN2,Sub_111U108,XOR2X1
Sub_111/U108/IN1,Sub_111U108,XOR2X1
U2975/INP,U2975,INVX0
Sub_111/U114/IN2,Sub_111U114,XOR2X1
Sub_111/U114/IN1,Sub_111U114,XOR2X1
U947/IN4,U947,AO22X1
U947/IN3,U947,AO22X1
U947/IN2,U947,AO22X1
U947/IN1,U947,AO22X1
U949/IN4,U949,AO22X1
U949/IN3,U949,AO22X1
U949/IN2,U949,AO22X1
U949/IN1,U949,AO22X1
U2973/INP,U2973,INVX0
Sub_111/U113/IN2,Sub_111U113,XOR2X1
Sub_111/U113/IN1,Sub_111U113,XOR2X1
U2976/INP,U2976,INVX0
Sub_111/U112/IN2,Sub_111U112,XOR2X1
Sub_111/U112/IN1,Sub_111U112,XOR2X1
IR_reg[12]/CLK,IR_reg[12],DFFARX1
Sub_111/U105/IN2,Sub_111U105,XOR2X1
Sub_111/U105/IN1,Sub_111U105,XOR2X1
IR_reg[13]/CLK,IR_reg[13],DFFARX1
Sub_111/U104/IN2,Sub_111U104,XOR2X1
Sub_111/U104/IN1,Sub_111U104,XOR2X1
U968/IN4,U968,AO22X1
U968/IN3,U968,AO22X1
U968/IN2,U968,AO22X1
U968/IN1,U968,AO22X1
U2535/IN4,U2535,AO22X2
U2535/IN3,U2535,AO22X2
U2535/IN2,U2535,AO22X2
U2535/IN1,U2535,AO22X2
IR_reg[14]/CLK,IR_reg[14],DFFARX1
Sub_111/U103/IN2,Sub_111U103,XOR2X1
Sub_111/U103/IN1,Sub_111U103,XOR2X1
IR_reg[15]/CLK,IR_reg[15],DFFARX1
Sub_111/U102/IN2,Sub_111U102,XOR2X1
Sub_111/U102/IN1,Sub_111U102,XOR2X1
IR_reg[16]/CLK,IR_reg[16],DFFARX1
Sub_111/U101/IN2,Sub_111U101,XOR2X1
Sub_111/U101/IN1,Sub_111U101,XOR2X1
IR_reg[17]/CLK,IR_reg[17],DFFARX1
Sub_111/U100/IN2,Sub_111U100,XOR2X1
Sub_111/U100/IN1,Sub_111U100,XOR2X1
IR_reg[18]/CLK,IR_reg[18],DFFARX1
U2984/INP,U2984,INVX0
Sub_111/U99/IN2,Sub_111U99,XOR2X1
Sub_111/U99/IN1,Sub_111U99,XOR2X1
Sub_111/U47/IN2,Sub_111U47,AND2X1
Sub_111/U47/IN1,Sub_111U47,AND2X1
Sub_111/U76/INP,Sub_111U76,INVX0
Add_122/U1/Q,Add_122U1,AND2X1
Reg3_reg[5]/Q,Reg3_reg[5],DFFARX1
U2546/Q,U2546,AND4X1
Sub_111/U38/Q,Sub_111U38,AND2X1
Sub_111/U83/ZN,Sub_111U83,INVX0
U2977/ZN,U2977,INVX0
Sub_111/U110/Q,Sub_111U110,XOR2X1
U2974/ZN,U2974,INVX0
Sub_111/U109/Q,Sub_111U109,XOR2X1
U935/Q,U935,AO22X1
U937/Q,U937,AO22X1
U2979/ZN,U2979,INVX0
Sub_111/U108/Q,Sub_111U108,XOR2X1
U2975/ZN,U2975,INVX0
Sub_111/U114/Q,Sub_111U114,XOR2X1
U947/Q,U947,AO22X1
U949/Q,U949,AO22X1
U2973/ZN,U2973,INVX0
Sub_111/U113/Q,Sub_111U113,XOR2X1
U2976/ZN,U2976,INVX0
Sub_111/U112/Q,Sub_111U112,XOR2X1
IR_reg[12]/Q,IR_reg[12],DFFARX1
Sub_111/U105/Q,Sub_111U105,XOR2X1
IR_reg[13]/Q,IR_reg[13],DFFARX1
Sub_111/U104/Q,Sub_111U104,XOR2X1
U968/Q,U968,AO22X1
U2535/Q,U2535,AO22X2
IR_reg[14]/Q,IR_reg[14],DFFARX1
Sub_111/U103/Q,Sub_111U103,XOR2X1
IR_reg[15]/Q,IR_reg[15],DFFARX1
Sub_111/U102/Q,Sub_111U102,XOR2X1
IR_reg[16]/Q,IR_reg[16],DFFARX1
Sub_111/U101/Q,Sub_111U101,XOR2X1
IR_reg[17]/Q,IR_reg[17],DFFARX1
Sub_111/U100/Q,Sub_111U100,XOR2X1
IR_reg[18]/Q,IR_reg[18],DFFARX1
U2984/ZN,U2984,INVX0
Sub_111/U99/Q,Sub_111U99,XOR2X1
Sub_111/U47/Q,Sub_111U47,AND2X1
Sub_111/U76/ZN,Sub_111U76,INVX0
Add_122/U2/IN2,Add_122U2,AND2X1
Add_122/U2/IN1,Add_122U2,AND2X1
Reg3_reg[6]/CLK,Reg3_reg[6],DFFARX1
Sub_111/U42/IN2,Sub_111U42,AND2X1
Sub_111/U42/IN1,Sub_111U42,AND2X1
Sub_111/U84/INP,Sub_111U84,INVX0
U2511/IN3,U2511,AND3X1
U2511/IN2,U2511,AND3X1
U2511/IN1,U2511,AND3X1
IR_reg[28]/CLK,IR_reg[28],DFFARX1
Sub_111/U89/IN2,Sub_111U89,XOR2X1
Sub_111/U89/IN1,Sub_111U89,XOR2X1
IR_reg[27]/CLK,IR_reg[27],DFFARX1
Sub_111/U90/IN2,Sub_111U90,XOR2X1
Sub_111/U90/IN1,Sub_111U90,XOR2X1
Sub_111/U57/IN2,Sub_111U57,NAND2X0
Sub_111/U57/IN1,Sub_111U57,NAND2X0
U932/IN4,U932,AO22X1
U932/IN3,U932,AO22X1
U932/IN2,U932,AO22X1
U932/IN1,U932,AO22X1
U939/IN4,U939,AO22X1
U939/IN3,U939,AO22X1
U939/IN2,U939,AO22X1
U939/IN1,U939,AO22X1
U934/IN2,U934,OR2X1
U934/IN1,U934,OR2X1
U941/IN4,U941,AO22X1
U941/IN3,U941,AO22X1
U941/IN2,U941,AO22X1
U941/IN1,U941,AO22X1
U944/IN4,U944,AO22X1
U944/IN3,U944,AO22X1
U944/IN2,U944,AO22X1
U944/IN1,U944,AO22X1
U946/IN2,U946,OR2X1
U946/IN1,U946,OR2X1
U951/IN4,U951,AO22X1
U951/IN3,U951,AO22X1
U951/IN2,U951,AO22X1
U951/IN1,U951,AO22X1
U953/IN4,U953,AO22X1
U953/IN3,U953,AO22X1
U953/IN2,U953,AO22X1
U953/IN1,U953,AO22X1
U965/IN4,U965,AO22X1
U965/IN3,U965,AO22X1
U965/IN2,U965,AO22X1
U965/IN1,U965,AO22X1
U972/IN4,U972,AO22X1
U972/IN3,U972,AO22X1
U972/IN2,U972,AO22X1
U972/IN1,U972,AO22X1
U2283/IN2,U2283,OR2X4
U2283/IN1,U2283,OR2X4
U974/IN4,U974,AO22X1
U974/IN3,U974,AO22X1
U974/IN2,U974,AO22X1
U974/IN1,U974,AO22X1
U956/IN4,U956,AO22X1
U956/IN3,U956,AO22X1
U956/IN2,U956,AO22X1
U956/IN1,U956,AO22X1
U958/IN4,U958,AO22X1
U958/IN3,U958,AO22X1
U958/IN2,U958,AO22X1
U958/IN1,U958,AO22X1
U960/IN4,U960,AO22X1
U960/IN3,U960,AO22X1
U960/IN2,U960,AO22X1
U960/IN1,U960,AO22X1
U2538/IN4,U2538,AO22X2
U2538/IN3,U2538,AO22X2
U2538/IN2,U2538,AO22X2
U2538/IN1,U2538,AO22X2
Sub_111/U46/IN2,Sub_111U46,AND2X1
Sub_111/U46/IN1,Sub_111U46,AND2X1
Sub_111/U75/INP,Sub_111U75,INVX0
Sub_111/U45/IN2,Sub_111U45,AND2X1
Sub_111/U45/IN1,Sub_111U45,AND2X1
Sub_111/U74/INP,Sub_111U74,INVX0
Sub_111/U44/IN2,Sub_111U44,AND2X1
Sub_111/U44/IN1,Sub_111U44,AND2X1
Sub_111/U80/INP,Sub_111U80,INVX0
Add_122/U2/Q,Add_122U2,AND2X1
Reg3_reg[6]/Q,Reg3_reg[6],DFFARX1
Sub_111/U42/Q,Sub_111U42,AND2X1
Sub_111/U84/ZN,Sub_111U84,INVX0
U2511/Q,U2511,AND3X1
IR_reg[28]/Q,IR_reg[28],DFFARX1
Sub_111/U89/Q,Sub_111U89,XOR2X1
IR_reg[27]/Q,IR_reg[27],DFFARX1
Sub_111/U90/Q,Sub_111U90,XOR2X1
Sub_111/U57/QN,Sub_111U57,NAND2X0
U932/Q,U932,AO22X1
U939/Q,U939,AO22X1
U934/Q,U934,OR2X1
U941/Q,U941,AO22X1
U944/Q,U944,AO22X1
U946/Q,U946,OR2X1
U951/Q,U951,AO22X1
U953/Q,U953,AO22X1
U965/Q,U965,AO22X1
U972/Q,U972,AO22X1
U2283/Q,U2283,OR2X4
U974/Q,U974,AO22X1
U956/Q,U956,AO22X1
U958/Q,U958,AO22X1
U960/Q,U960,AO22X1
U2538/Q,U2538,AO22X2
Sub_111/U46/Q,Sub_111U46,AND2X1
Sub_111/U75/ZN,Sub_111U75,INVX0
Sub_111/U45/Q,Sub_111U45,AND2X1
Sub_111/U74/ZN,Sub_111U74,INVX0
Sub_111/U44/Q,Sub_111U44,AND2X1
Sub_111/U80/ZN,Sub_111U80,INVX0
Add_122/U3/IN2,Add_122U3,AND2X1
Add_122/U3/IN1,Add_122U3,AND2X1
Reg3_reg[7]/CLK,Reg3_reg[7],DFFARX1
Sub_111/U39/IN2,Sub_111U39,AND2X1
Sub_111/U39/IN1,Sub_111U39,AND2X1
Sub_111/U86/INP,Sub_111U86,INVX0
Sub_111/U14/IN2,Sub_111U14,AND2X1
Sub_111/U14/IN1,Sub_111U14,AND2X1
Sub_111/U85/INP,Sub_111U85,INVX0
U909/IN4,U909,NAND4X0
U909/IN3,U909,NAND4X0
U909/IN2,U909,NAND4X0
U909/IN1,U909,NAND4X0
U904/IN4,U904,OA22X1
U904/IN3,U904,OA22X1
U904/IN2,U904,OA22X1
U904/IN1,U904,OA22X1
U919/IN4,U919,OA22X1
U919/IN3,U919,OA22X1
U919/IN2,U919,OA22X1
U919/IN1,U919,OA22X1
Sub_111/U5/IN2,Sub_111U5,AND2X1
Sub_111/U5/IN1,Sub_111U5,AND2X1
Sub_111/U77/INP,Sub_111U77,INVX0
Sub_111/U118/INP,Sub_111U118,INVX0
Sub_111/U2/INP,Sub_111U2,INVX1
U2572/IN4,U2572,NOR4X1
U2572/IN3,U2572,NOR4X1
U2572/IN2,U2572,NOR4X1
U2572/IN1,U2572,NOR4X1
U2571/IN4,U2571,NOR4X1
U2571/IN3,U2571,NOR4X1
U2571/IN2,U2571,NOR4X1
U2571/IN1,U2571,NOR4X1
U2569/IN4,U2569,NOR4X1
U2569/IN3,U2569,NOR4X1
U2569/IN2,U2569,NOR4X1
U2569/IN1,U2569,NOR4X1
U2570/IN4,U2570,NOR4X1
U2570/IN3,U2570,NOR4X1
U2570/IN2,U2570,NOR4X1
U2570/IN1,U2570,NOR4X1
IR_reg[19]/CLK,IR_reg[19],DFFARX1
Sub_111/U98/IN2,Sub_111U98,XOR2X1
Sub_111/U98/IN1,Sub_111U98,XOR2X1
IR_reg[22]/CLK,IR_reg[22],DFFARX1
Sub_111/U95/IN2,Sub_111U95,XOR2X1
Sub_111/U95/IN1,Sub_111U95,XOR2X1
IR_reg[21]/CLK,IR_reg[21],DFFARX1
Sub_111/U96/IN2,Sub_111U96,XOR2X1
Sub_111/U96/IN1,Sub_111U96,XOR2X1
IR_reg[20]/CLK,IR_reg[20],DFFARX1
U2317/INP,U2317,DELLN1X2
Sub_111/U97/IN2,Sub_111U97,XOR2X1
Sub_111/U97/IN1,Sub_111U97,XOR2X1
Sub_111/U43/IN2,Sub_111U43,AND2X1
Sub_111/U43/IN1,Sub_111U43,AND2X1
Sub_111/U79/INP,Sub_111U79,INVX0
Add_122/U3/Q,Add_122U3,AND2X1
Reg3_reg[7]/Q,Reg3_reg[7],DFFARX1
Sub_111/U39/Q,Sub_111U39,AND2X1
Sub_111/U86/ZN,Sub_111U86,INVX0
Sub_111/U14/Q,Sub_111U14,AND2X1
Sub_111/U85/ZN,Sub_111U85,INVX0
U909/QN,U909,NAND4X0
U904/Q,U904,OA22X1
U919/Q,U919,OA22X1
Sub_111/U5/Q,Sub_111U5,AND2X1
Sub_111/U77/ZN,Sub_111U77,INVX0
Sub_111/U118/ZN,Sub_111U118,INVX0
Sub_111/U2/ZN,Sub_111U2,INVX1
U2572/QN,U2572,NOR4X1
U2571/QN,U2571,NOR4X1
U2569/QN,U2569,NOR4X1
U2570/QN,U2570,NOR4X1
IR_reg[19]/Q,IR_reg[19],DFFARX1
Sub_111/U98/Q,Sub_111U98,XOR2X1
IR_reg[22]/Q,IR_reg[22],DFFARX1
Sub_111/U95/Q,Sub_111U95,XOR2X1
IR_reg[21]/Q,IR_reg[21],DFFARX1
Sub_111/U96/Q,Sub_111U96,XOR2X1
IR_reg[20]/Q,IR_reg[20],DFFARX1
U2317/Z,U2317,DELLN1X2
Sub_111/U97/Q,Sub_111U97,XOR2X1
Sub_111/U43/Q,Sub_111U43,AND2X1
Sub_111/U79/ZN,Sub_111U79,INVX0
Add_122/U4/IN2,Add_122U4,AND2X1
Add_122/U4/IN1,Add_122U4,AND2X1
Reg3_reg[8]/CLK,Reg3_reg[8],DFFARX1
IR_reg[30]/CLK,IR_reg[30],DFFARX1
U2500/IN2,U2500,NAND2X0
U2500/IN1,U2500,NAND2X0
Sub_111/U87/IN2,Sub_111U87,XOR2X1
Sub_111/U87/IN1,Sub_111U87,XOR2X1
U2504/IN2,U2504,NAND2X0
U2504/IN1,U2504,NAND2X0
IR_reg[29]/CLK,IR_reg[29],DFFARX1
Sub_111/U88/IN2,Sub_111U88,XOR2X1
Sub_111/U88/IN1,Sub_111U88,XOR2X1
U2559/IN2,U2559,NAND2X0
U2559/IN1,U2559,NAND2X0
U3749/IN3,U3749,OAI21X2
U3749/IN2,U3749,OAI21X2
U3749/IN1,U3749,OAI21X2
Sub_111/U41/IN2,Sub_111U41,AND2X1
Sub_111/U41/IN1,Sub_111U41,AND2X1
Sub_111/U81/INP,Sub_111U81,INVX0
IR_reg[24]/CLK,IR_reg[24],DFFARX1
Sub_111/U93/IN2,Sub_111U93,XOR2X1
Sub_111/U93/IN1,Sub_111U93,XOR2X1
U2956/INP,U2956,INVX0
Sub_111/U1/IN2,Sub_111U1,XOR2X1
Sub_111/U1/IN1,Sub_111U1,XOR2X1
U2395/IN4,U2395,AND4X1
U2395/IN3,U2395,AND4X1
U2395/IN2,U2395,AND4X1
U2395/IN1,U2395,AND4X1
Sub_111/U40/IN2,Sub_111U40,AND2X1
Sub_111/U40/IN1,Sub_111U40,AND2X1
Sub_111/U82/INP,Sub_111U82,INVX0
U3755/IN2,U3755,NOR2X0
U3755/IN1,U3755,NOR2X0
U980/IN4,U980,AO22X1
U980/IN3,U980,AO22X1
U980/IN2,U980,AO22X1
U980/IN1,U980,AO22X1
U982/IN4,U982,AO22X1
U982/IN3,U982,AO22X1
U982/IN2,U982,AO22X1
U982/IN1,U982,AO22X1
U984/IN4,U984,AO22X1
U984/IN3,U984,AO22X1
U984/IN2,U984,AO22X1
U984/IN1,U984,AO22X1
U986/IN4,U986,AO22X1
U986/IN3,U986,AO22X1
U986/IN2,U986,AO22X1
U986/IN1,U986,AO22X1
IR_reg[31]/CLK,IR_reg[31],DFFARX1
Sub_111/U6/IN2,Sub_111U6,AND2X1
Sub_111/U6/IN1,Sub_111U6,AND2X1
Sub_111/U78/INP,Sub_111U78,INVX0
Add_122/U4/Q,Add_122U4,AND2X1
Reg3_reg[8]/Q,Reg3_reg[8],DFFARX1
IR_reg[30]/Q,IR_reg[30],DFFARX1
U2500/QN,U2500,NAND2X0
Sub_111/U87/Q,Sub_111U87,XOR2X1
U2504/QN,U2504,NAND2X0
IR_reg[29]/Q,IR_reg[29],DFFARX1
IR_reg[31]/QN,IR_reg[31],DFFARX1
Sub_111/U88/Q,Sub_111U88,XOR2X1
U2559/QN,U2559,NAND2X0
U3749/QN,U3749,OAI21X2
Sub_111/U41/Q,Sub_111U41,AND2X1
Sub_111/U81/ZN,Sub_111U81,INVX0
IR_reg[24]/Q,IR_reg[24],DFFARX1
Sub_111/U93/Q,Sub_111U93,XOR2X1
U2956/ZN,U2956,INVX0
Sub_111/U1/Q,Sub_111U1,XOR2X1
U2395/Q,U2395,AND4X1
Sub_111/U40/Q,Sub_111U40,AND2X1
Sub_111/U82/ZN,Sub_111U82,INVX0
U3755/QN,U3755,NOR2X0
U980/Q,U980,AO22X1
U982/Q,U982,AO22X1
U984/Q,U984,AO22X1
U986/Q,U986,AO22X1
IR_reg[31]/Q,IR_reg[31],DFFARX1
Sub_111/U6/Q,Sub_111U6,AND2X1
Sub_111/U78/ZN,Sub_111U78,INVX0
Add_122/U19/IN2,Add_122U19,AND2X1
Add_122/U19/IN1,Add_122U19,AND2X1
Reg3_reg[9]/CLK,Reg3_reg[9],DFFARX1
U2391/IN2,U2391,XNOR2X2
U2391/IN1,U2391,XNOR2X2
U2387/IN2,U2387,XNOR2X2
U2387/IN1,U2387,XNOR2X2
U507/IN4,U507,AO22X1
U507/IN3,U507,AO22X1
U507/IN2,U507,AO22X1
U507/IN1,U507,AO22X1
U3748/IN2,U3748,NAND2X0
U3748/IN1,U3748,NAND2X0
U2481/IN4,U2481,AO22X1
U2481/IN3,U2481,AO22X1
U2481/IN2,U2481,AO22X1
U2481/IN1,U2481,AO22X1
IR_reg[25]/CLK,IR_reg[25],DFFARX1
U2959/INP,U2959,INVX0
Sub_111/U92/IN2,Sub_111U92,XOR2X1
Sub_111/U92/IN1,Sub_111U92,XOR2X1
U911/IN4,U911,OA22X1
U911/IN3,U911,OA22X1
U911/IN2,U911,OA22X1
U911/IN1,U911,OA22X1
U977/IN4,U977,AO22X1
U977/IN3,U977,AO22X1
U977/IN2,U977,AO22X1
U977/IN1,U977,AO22X1
U2282/IN3,U2282,NAND3X2
U2282/IN2,U2282,NAND3X2
U2282/IN1,U2282,NAND3X2
IR_reg[26]/CLK,IR_reg[26],DFFARX1
Sub_111/U91/IN2,Sub_111U91,XOR2X1
Sub_111/U91/IN1,Sub_111U91,XOR2X1
U2957/INP,U2957,INVX0
U2630/INP,U2630,INVX0
U3639/INP,U3639,INVX0
U979/IN4,U979,NOR4X0
U979/IN3,U979,NOR4X0
U979/IN2,U979,NOR4X0
U979/IN1,U979,NOR4X0
IR_reg[23]/CLK,IR_reg[23],DFFARX1
U2958/INP,U2958,INVX0
U2371/INP,U2371,DELLN1X2
Sub_111/U94/IN2,Sub_111U94,XOR2X1
Sub_111/U94/IN1,Sub_111U94,XOR2X1
Add_122/U19/Q,Add_122U19,AND2X1
Reg3_reg[9]/Q,Reg3_reg[9],DFFARX1
U2391/Q,U2391,XNOR2X2
U2387/Q,U2387,XNOR2X2
U507/Q,U507,AO22X1
U3748/QN,U3748,NAND2X0
U2481/Q,U2481,AO22X1
IR_reg[25]/Q,IR_reg[25],DFFARX1
U2959/ZN,U2959,INVX0
Sub_111/U92/Q,Sub_111U92,XOR2X1
U911/Q,U911,OA22X1
U977/Q,U977,AO22X1
U2282/QN,U2282,NAND3X2
IR_reg[26]/Q,IR_reg[26],DFFARX1
Sub_111/U91/Q,Sub_111U91,XOR2X1
U2957/ZN,U2957,INVX0
U2630/ZN,U2630,INVX0
U3639/ZN,U3639,INVX0
U979/QN,U979,NOR4X0
IR_reg[23]/Q,IR_reg[23],DFFARX1
U2958/ZN,U2958,INVX0
U2371/Z,U2371,DELLN1X2
Sub_111/U94/Q,Sub_111U94,XOR2X1
U3689/IN2,U3689,NOR2X0
U3689/IN1,U3689,NOR2X0
Add_122/U20/IN2,Add_122U20,AND2X1
Add_122/U20/IN1,Add_122U20,AND2X1
Reg3_reg[10]/CLK,Reg3_reg[10],DFFARX1
U2568/IN2,U2568,AND2X4
U2568/IN1,U2568,AND2X4
U2704/INP,U2704,INVX0
U2445/IN4,U2445,AO22X1
U2445/IN3,U2445,AO22X1
U2445/IN2,U2445,AO22X1
U2445/IN1,U2445,AO22X1
U3690/IN2,U3690,XOR2X2
U3690/IN1,U3690,XOR2X2
U2415/INP,U2415,INVX0
U915/IN4,U915,AOI22X1
U915/IN3,U915,AOI22X1
U915/IN2,U915,AOI22X1
U915/IN1,U915,AOI22X1
U2303/IN3,U2303,NAND3X0
U2303/IN2,U2303,NAND3X0
U2303/IN1,U2303,NAND3X0
U2777/INP,U2777,INVX0
U3747/IN2,U3747,NAND2X0
U3747/IN1,U3747,NAND2X0
U2811/IN2,U2811,NOR2X0
U2811/IN1,U2811,NOR2X0
U913/IN4,U913,OAI22X1
U913/IN3,U913,OAI22X1
U913/IN2,U913,OAI22X1
U913/IN1,U913,OAI22X1
U2822/IN3,U2822,OA21X1
U2822/IN2,U2822,OA21X1
U2822/IN1,U2822,OA21X1
U988/IN4,U988,AOI22X1
U988/IN3,U988,AOI22X1
U988/IN2,U988,AOI22X1
U988/IN1,U988,AOI22X1
U3689/QN,U3689,NOR2X0
Add_122/U20/Q,Add_122U20,AND2X1
Reg3_reg[10]/Q,Reg3_reg[10],DFFARX1
U2568/Q,U2568,AND2X4
U2704/ZN,U2704,INVX0
U2445/Q,U2445,AO22X1
U3690/Q,U3690,XOR2X2
U2415/ZN,U2415,INVX0
U915/QN,U915,AOI22X1
U2303/QN,U2303,NAND3X0
U2777/ZN,U2777,INVX0
U3747/QN,U3747,NAND2X0
U2811/QN,U2811,NOR2X0
U913/QN,U913,OAI22X1
U2822/Q,U2822,OA21X1
U988/QN,U988,AOI22X1
Reg0_reg[10]/CLK,Reg0_reg[10],DFFARX1
U2422/INP,U2422,DELLN2X2
Add_122/U48/IN2,Add_122U48,XOR2X1
Add_122/U48/IN1,Add_122U48,XOR2X1
U2425/INP,U2425,DELLN1X2
U3688/IN2,U3688,NOR2X0
U3688/IN1,U3688,NOR2X0
U3678/IN2,U3678,NOR2X0
U3678/IN1,U3678,NOR2X0
U890/IN2,U890,XNOR2X1
U890/IN1,U890,XNOR2X1
U891/IN2,U891,XNOR2X1
U891/IN1,U891,XNOR2X1
U893/IN2,U893,XOR2X1
U893/IN1,U893,XOR2X1
U926/IN2,U926,XOR2X1
U926/IN1,U926,XOR2X1
Reg0_reg[10]/Q,Reg0_reg[10],DFFARX1
U2422/Z,U2422,DELLN2X2
Add_122/U48/Q,Add_122U48,XOR2X1
U2425/Z,U2425,DELLN1X2
U3688/QN,U3688,NOR2X0
U3678/QN,U3678,NOR2X0
U890/Q,U890,XNOR2X1
U891/Q,U891,XNOR2X1
U893/Q,U893,XOR2X1
U926/Q,U926,XOR2X1
U2324/IN4,U2324,AO22X1
U2324/IN3,U2324,AO22X1
U2324/IN2,U2324,AO22X1
U2324/IN1,U2324,AO22X1
Reg1_reg[10]/CLK,Reg1_reg[10],DFFARX1
U2366/INP,U2366,DELLN2X2
Reg2_reg[10]/CLK,Reg2_reg[10],DFFARX1
U3645/INP,U3645,DELLN1X2
U889/IN3,U889,NOR3X0
U889/IN2,U889,NOR3X0
U889/IN1,U889,NOR3X0
State_reg/CLK,State_reg,DFFARX1
U2769/INP,U2769,INVX0
U2324/Q,U2324,AO22X1
Reg1_reg[10]/Q,Reg1_reg[10],DFFARX1
U2366/Z,U2366,DELLN2X2
Reg2_reg[10]/Q,Reg2_reg[10],DFFARX1
U3645/Z,U3645,DELLN1X2
U889/QN,U889,NOR3X0
State_reg/Q,State_reg,DFFARX1
U2769/ZN,U2769,INVX0
U458/IN5,U458,AO221X1
U458/IN4,U458,AO221X1
U458/IN3,U458,AO221X1
U458/IN2,U458,AO221X1
U458/IN1,U458,AO221X1
U313/IN3,U313,NAND3X0
U313/IN2,U313,NAND3X0
U313/IN1,U313,NAND3X0
U458/Q,U458,AO221X1
U313/QN,U313,NAND3X0
U2256/INP,U2256,DELLN1X2
U3852/INP,U3852,INVX0
Datao_reg[10]/CLK,Datao_reg[10],DFFARX1
U2940/INP,U2940,NBUFFX2
U2256/Z,U2256,DELLN1X2
U3852/ZN,U3852,INVX0
Datao_reg[10]/Q,Datao_reg[10],DFFARX1
U2940/Z,U2940,NBUFFX2
U168/IN4,U168,AO22X1
U168/IN3,U168,AO22X1
U168/IN2,U168,AO22X1
U168/IN1,U168,AO22X1
U168/Q,U168,AO22X1
Datao_reg[10]/D,Datao_reg[10],DFFARX1
