Reg3_reg[0]/CLK,Reg3_reg[0],DFFARX1
Reg3_reg[0]/Q,Reg3_reg[0],DFFARX1
Reg0_reg[31]/CLK,Reg0_reg[31],DFFARX1
Reg3_reg[1]/CLK,Reg3_reg[1],DFFARX1
Reg0_reg[0]/CLK,Reg0_reg[0],DFFARX1
Add_122/U29/INP,Add_122U29,NBUFFX2
Reg0_reg[31]/Q,Reg0_reg[31],DFFARX1
Reg3_reg[1]/Q,Reg3_reg[1],DFFARX1
Reg0_reg[0]/Q,Reg0_reg[0],DFFARX1
Add_122/U29/Z,Add_122U29,NBUFFX2
U3894/IN2,U3894,AND2X1
U3894/IN1,U3894,AND2X1
Reg1_reg[31]/CLK,Reg1_reg[31],DFFARX1
U2368/INP,U2368,DELLN1X2
Reg2_reg[31]/CLK,Reg2_reg[31],DFFARX1
U2291/INP,U2291,DELLN1X2
U3717/INP,U3717,INVX0
Reg0_reg[1]/CLK,Reg0_reg[1],DFFARX1
Add_122/U28/INP,Add_122U28,NBUFFX2
U2293/IN4,U2293,AO22X1
U2293/IN3,U2293,AO22X1
U2293/IN2,U2293,AO22X1
U2293/IN1,U2293,AO22X1
Reg1_reg[0]/CLK,Reg1_reg[0],DFFARX1
Reg2_reg[0]/CLK,Reg2_reg[0],DFFARX1
U3654/INP,U3654,INVX0
U3894/Q,U3894,AND2X1
Reg1_reg[31]/Q,Reg1_reg[31],DFFARX1
U2368/Z,U2368,DELLN1X2
Reg2_reg[31]/Q,Reg2_reg[31],DFFARX1
U2291/Z,U2291,DELLN1X2
U3717/ZN,U3717,INVX0
Reg0_reg[1]/Q,Reg0_reg[1],DFFARX1
Add_122/U28/Z,Add_122U28,NBUFFX2
U2293/Q,U2293,AO22X1
Reg1_reg[0]/Q,Reg1_reg[0],DFFARX1
Reg2_reg[0]/Q,Reg2_reg[0],DFFARX1
U3654/ZN,U3654,INVX0
Datai[1],Datai[1],
U494/IN5,U494,AO221X1
U494/IN4,U494,AO221X1
U494/IN3,U494,AO221X1
U494/IN2,U494,AO221X1
U494/IN1,U494,AO221X1
Sub_488/U41/INP,Sub_488U41,INVX0
U3705/INP,U3705,INVX0
U3658/INP,U3658,INVX0
U3709/INP,U3709,INVX0
U2417/IN4,U2417,AO22X1
U2417/IN3,U2417,AO22X1
U2417/IN2,U2417,AO22X1
U2417/IN1,U2417,AO22X1
U3652/INP,U3652,INVX0
U2404/INP,U2404,INVX0
Reg3_reg[2]/CLK,Reg3_reg[2],DFFARX1
U2541/IN4,U2541,AO22X2
U2541/IN3,U2541,AO22X2
U2541/IN2,U2541,AO22X2
U2541/IN1,U2541,AO22X2
Reg1_reg[1]/CLK,Reg1_reg[1],DFFARX1
Reg2_reg[1]/CLK,Reg2_reg[1],DFFARX1
U2557/IN4,U2557,AO22X1
U2557/IN3,U2557,AO22X1
U2557/IN2,U2557,AO22X1
U2557/IN1,U2557,AO22X1
U2267/IN5,U2267,AO221X2
U2267/IN4,U2267,AO221X2
U2267/IN3,U2267,AO221X2
U2267/IN2,U2267,AO221X2
U2267/IN1,U2267,AO221X2
Sub_388/U45/INP,Sub_388U45,INVX0
U3713/INP,U3713,INVX0
U2407/INP,U2407,DELLN1X2
U2386/IN4,U2386,AO22X1
U2386/IN3,U2386,AO22X1
U2386/IN2,U2386,AO22X1
U2386/IN1,U2386,AO22X1
U494/Q,U494,AO221X1
Sub_488/U41/ZN,Sub_488U41,INVX0
U3705/ZN,U3705,INVX0
U3658/ZN,U3658,INVX0
U3709/ZN,U3709,INVX0
U2417/Q,U2417,AO22X1
U3652/ZN,U3652,INVX0
U2404/ZN,U2404,INVX0
Reg3_reg[2]/Q,Reg3_reg[2],DFFARX1
U2541/Q,U2541,AO22X2
Reg1_reg[1]/Q,Reg1_reg[1],DFFARX1
Reg2_reg[1]/Q,Reg2_reg[1],DFFARX1
Datai[0],Datai[0],
U2557/Q,U2557,AO22X1
U2267/Q,U2267,AO221X2
Datai[2],Datai[2],
Sub_388/U45/ZN,Sub_388U45,INVX0
U3713/ZN,U3713,INVX0
U2407/Z,U2407,DELLN1X2
U2386/Q,U2386,AO22X1
U2271/INP,U2271,DELLN2X2
U2874/IN2,U2874,AND2X1
U2874/IN1,U2874,AND2X1
Sub_488/U42/IN2,Sub_488U42,NAND2X0
Sub_488/U42/IN1,Sub_488U42,NAND2X0
Sub_488/U68/INP,Sub_488U68,INVX0
U2560/INP,U2560,DELLN1X2
Sub_448/U41/INP,Sub_448U41,INVX0
U3711/INP,U3711,INVX0
U3653/INP,U3653,INVX0
U2259/INP,U2259,DELLN1X2
U2403/INP,U2403,INVX0
Add_428/U12/IN2,Add_428U12,AND2X1
Add_428/U12/IN1,Add_428U12,AND2X1
U2444/IN5,U2444,AO221X1
U2444/IN4,U2444,AO221X1
U2444/IN3,U2444,AO221X1
U2444/IN2,U2444,AO221X1
U2444/IN1,U2444,AO221X1
U3706/INP,U3706,INVX0
Sub_408/U40/INP,Sub_408U40,INVX0
U2263/IN5,U2263,AO221X1
U2263/IN4,U2263,AO221X1
U2263/IN3,U2263,AO221X1
U2263/IN2,U2263,AO221X1
U2263/IN1,U2263,AO221X1
U2385/INP,U2385,INVX0
Reg0_reg[2]/CLK,Reg0_reg[2],DFFARX1
Add_122/U27/INP,Add_122U27,NBUFFX2
U2261/IN5,U2261,AO221X2
U2261/IN4,U2261,AO221X2
U2261/IN3,U2261,AO221X2
U2261/IN2,U2261,AO221X2
U2261/IN1,U2261,AO221X2
U828/IN4,U828,AO22X1
U828/IN3,U828,AO22X1
U828/IN2,U828,AO22X1
U828/IN1,U828,AO22X1
U2408/INP,U2408,DELLN1X2
U2549/IN4,U2549,AO22X2
U2549/IN3,U2549,AO22X2
U2549/IN2,U2549,AO22X2
U2549/IN1,U2549,AO22X2
Sub_388/U46/IN2,Sub_388U46,NAND2X0
Sub_388/U46/IN1,Sub_388U46,NAND2X0
Sub_388/U73/INP,Sub_388U73,INVX0
U2526/INP,U2526,DELLN1X2
U2270/INP,U2270,DELLN2X2
U3716/INP,U3716,INVX0
Add_348/U24/IN2,Add_348U24,AND2X1
Add_348/U24/IN1,Add_348U24,AND2X1
U3704/INP,U3704,INVX0
U3715/INP,U3715,INVX0
U2388/INP,U2388,INVX0
U2271/Z,U2271,DELLN2X2
U2874/Q,U2874,AND2X1
Sub_488/U42/QN,Sub_488U42,NAND2X0
Sub_488/U68/ZN,Sub_488U68,INVX0
U2560/Z,U2560,DELLN1X2
Sub_448/U41/ZN,Sub_448U41,INVX0
U3711/ZN,U3711,INVX0
U3653/ZN,U3653,INVX0
U2259/Z,U2259,DELLN1X2
U2403/ZN,U2403,INVX0
Add_428/U12/Q,Add_428U12,AND2X1
U2444/Q,U2444,AO221X1
U3706/ZN,U3706,INVX0
Sub_408/U40/ZN,Sub_408U40,INVX0
U2263/Q,U2263,AO221X1
U2385/ZN,U2385,INVX0
Reg0_reg[2]/Q,Reg0_reg[2],DFFARX1
Add_122/U27/Z,Add_122U27,NBUFFX2
U2261/Q,U2261,AO221X2
U828/Q,U828,AO22X1
U2408/Z,U2408,DELLN1X2
U2549/Q,U2549,AO22X2
Sub_388/U46/QN,Sub_388U46,NAND2X0
Sub_388/U73/ZN,Sub_388U73,INVX0
U2526/Z,U2526,DELLN1X2
U2270/Z,U2270,DELLN2X2
U3716/ZN,U3716,INVX0
Add_348/U24/Q,Add_348U24,AND2X1
U3704/ZN,U3704,INVX0
U3715/ZN,U3715,INVX0
U2388/ZN,U2388,INVX0
R728/U32/IN2,R728U32,AND2X1
R728/U32/IN1,R728U32,AND2X1
Sub_488/U2_1/CI,Sub_488U2_1,FADDX1
Sub_488/U2_1/B,Sub_488U2_1,FADDX1
Sub_488/U2_1/A,Sub_488U2_1,FADDX1
Sub_488/U67/INP,Sub_488U67,INVX0
Sub_448/U42/IN2,Sub_448U42,NAND2X0
Sub_448/U42/IN1,Sub_448U42,NAND2X0
Sub_448/U68/INP,Sub_448U68,INVX0
U2561/INP,U2561,DELLN1X2
U3675/INP,U3675,INVX0
Add_468/U45/IN2,Add_468U45,AND2X1
Add_468/U45/IN1,Add_468U45,AND2X1
U3718/INP,U3718,INVX0
U2539/INP,U2539,DELLN1X2
U3664/INP,U3664,INVX0
Add_428/U1_1/CI,Add_428U1_1,FADDX1
Add_428/U1_1/B,Add_428U1_1,FADDX1
Add_428/U1_1/A,Add_428U1_1,FADDX1
U3669/INP,U3669,INVX0
U2521/INP,U2521,DELLN1X2
Sub_408/U41/IN2,Sub_408U41,NAND2X0
Sub_408/U41/IN1,Sub_408U41,NAND2X0
U2258/INP,U2258,NBUFFX2
Sub_408/U69/INP,Sub_408U69,INVX0
U2389/IN4,U2389,AO22X1
U2389/IN3,U2389,AO22X1
U2389/IN2,U2389,AO22X1
U2389/IN1,U2389,AO22X1
Reg1_reg[2]/CLK,Reg1_reg[2],DFFARX1
Reg2_reg[2]/CLK,Reg2_reg[2],DFFARX1
U2260/INP,U2260,DELLN2X2
U3721/INP,U3721,INVX0
Add_368/U6/IN2,Add_368U6,AND2X1
Add_368/U6/IN1,Add_368U6,AND2X1
U3665/INP,U3665,INVX0
Sub_388/U2_1/CI,Sub_388U2_1,FADDX1
Sub_388/U2_1/B,Sub_388U2_1,FADDX1
Sub_388/U2_1/A,Sub_388U2_1,FADDX1
Sub_388/U72/INP,Sub_388U72,INVX0
Add_348/U1_1/CI,Add_348U1_1,FADDX1
Add_348/U1_1/B,Add_348U1_1,FADDX1
Add_348/U1_1/A,Add_348U1_1,FADDX1
U3668/INP,U3668,INVX0
U2464/INP,U2464,DELLN1X2
U3707/INP,U3707,INVX0
U3719/INP,U3719,INVX0
U3666/INP,U3666,INVX0
R728/U32/Q,R728U32,AND2X1
Sub_488/U2_1/CO,Sub_488U2_1,FADDX1
Sub_488/U67/ZN,Sub_488U67,INVX0
Sub_448/U42/QN,Sub_448U42,NAND2X0
Sub_448/U68/ZN,Sub_448U68,INVX0
U2561/Z,U2561,DELLN1X2
U3675/ZN,U3675,INVX0
Add_468/U45/Q,Add_468U45,AND2X1
U3718/ZN,U3718,INVX0
U2539/Z,U2539,DELLN1X2
U3664/ZN,U3664,INVX0
Add_428/U1_1/CO,Add_428U1_1,FADDX1
U3669/ZN,U3669,INVX0
U2521/Z,U2521,DELLN1X2
Sub_408/U41/QN,Sub_408U41,NAND2X0
U2258/Z,U2258,NBUFFX2
Sub_408/U69/ZN,Sub_408U69,INVX0
U2389/Q,U2389,AO22X1
Reg1_reg[2]/Q,Reg1_reg[2],DFFARX1
Reg2_reg[2]/Q,Reg2_reg[2],DFFARX1
U2260/Z,U2260,DELLN2X2
U3721/ZN,U3721,INVX0
Add_368/U6/Q,Add_368U6,AND2X1
U3665/ZN,U3665,INVX0
Sub_388/U2_1/CO,Sub_388U2_1,FADDX1
Sub_388/U72/ZN,Sub_388U72,INVX0
Add_348/U1_1/CO,Add_348U1_1,FADDX1
U3668/ZN,U3668,INVX0
U2464/Z,U2464,DELLN1X2
U3707/ZN,U3707,INVX0
U3719/ZN,U3719,INVX0
U3666/ZN,U3666,INVX0
Datai[3],Datai[3],
R728/U2/IN2,R728U2,AND2X1
R728/U2/IN1,R728U2,AND2X1
U2337/INP,U2337,NBUFFX4
Sub_488/U2_2/CI,Sub_488U2_2,FADDX1
Sub_488/U2_2/B,Sub_488U2_2,FADDX1
Sub_488/U2_2/A,Sub_488U2_2,FADDX1
Sub_488/U66/INP,Sub_488U66,INVX0
Sub_448/U2_1/CI,Sub_448U2_1,FADDX1
Sub_448/U2_1/B,Sub_448U2_1,FADDX1
Sub_448/U2_1/A,Sub_448U2_1,FADDX1
Sub_448/U67/INP,Sub_448U67,INVX0
U2465/INP,U2465,DELLN1X2
U2867/INP,U2867,NBUFFX2
Add_468/U1_1/CI,Add_468U1_1,FADDX1
Add_468/U1_1/B,Add_468U1_1,FADDX1
Add_468/U1_1/A,Add_468U1_1,FADDX1
U3670/INP,U3670,INVX0
U2428/INP,U2428,NBUFFX2
Add_428/U1_2/CI,Add_428U1_2,FADDX1
Add_428/U1_2/B,Add_428U1_2,FADDX1
Add_428/U1_2/A,Add_428U1_2,FADDX1
U2374/INP,U2374,DELLN1X2
Sub_408/U3/IN2,Sub_408U3,NAND2X1
Sub_408/U3/IN1,Sub_408U3,NAND2X1
Sub_408/U4/IN2,Sub_408U4,NAND2X1
Sub_408/U4/IN1,Sub_408U4,NAND2X1
Sub_408/U2/IN2,Sub_408U2,NAND2X1
Sub_408/U2/IN1,Sub_408U2,NAND2X1
U2446/IN5,U2446,AO221X1
U2446/IN4,U2446,AO221X1
U2446/IN3,U2446,AO221X1
U2446/IN2,U2446,AO221X1
U2446/IN1,U2446,AO221X1
Reg0_reg[3]/CLK,Reg0_reg[3],DFFARX1
Add_122/U26/INP,Add_122U26,INVX0
Reg0_reg[4]/CLK,Reg0_reg[4],DFFARX1
Add_122/U54/IN2,Add_122U54,XOR2X1
Add_122/U54/IN1,Add_122U54,XOR2X1
U2379/IN2,U2379,AND2X4
U2379/IN1,U2379,AND2X4
Add_368/U1_1/CI,Add_368U1_1,FADDX1
Add_368/U1_1/B,Add_368U1_1,FADDX1
Add_368/U1_1/A,Add_368U1_1,FADDX1
U3672/INP,U3672,INVX0
U2466/INP,U2466,DELLN1X2
U2266/IN5,U2266,AO221X2
U2266/IN4,U2266,AO221X2
U2266/IN3,U2266,AO221X2
U2266/IN2,U2266,AO221X2
U2266/IN1,U2266,AO221X2
Sub_388/U2_2/CI,Sub_388U2_2,FADDX1
Sub_388/U2_2/B,Sub_388U2_2,FADDX1
Sub_388/U2_2/A,Sub_388U2_2,FADDX1
Sub_388/U71/INP,Sub_388U71,INVX0
U2265/IN5,U2265,AO221X2
U2265/IN4,U2265,AO221X2
U2265/IN3,U2265,AO221X2
U2265/IN2,U2265,AO221X2
U2265/IN1,U2265,AO221X2
U2390/INP,U2390,NBUFFX2
Add_348/U1_2/CI,Add_348U1_2,FADDX1
Add_348/U1_2/B,Add_348U1_2,FADDX1
Add_348/U1_2/A,Add_348U1_2,FADDX1
U2463/INP,U2463,DELLN1X2
U2250/INP,U2250,DELLN1X2
Sub_273/U84/INP,Sub_273U84,INVX0
Sub_273/U83/INP,Sub_273U83,INVX0
U3673/INP,U3673,INVX0
U2394/IN4,U2394,AO22X2
U2394/IN3,U2394,AO22X2
U2394/IN2,U2394,AO22X2
U2394/IN1,U2394,AO22X2
U2393/IN2,U2393,OR2X1
U2393/IN1,U2393,OR2X1
U3662/INP,U3662,DELLN1X2
R728/U2/Q,R728U2,AND2X1
U2337/Z,U2337,NBUFFX4
Sub_488/U2_2/CO,Sub_488U2_2,FADDX1
Sub_488/U66/ZN,Sub_488U66,INVX0
Sub_448/U2_1/CO,Sub_448U2_1,FADDX1
Sub_448/U67/ZN,Sub_448U67,INVX0
U2465/Z,U2465,DELLN1X2
U2867/Z,U2867,NBUFFX2
Add_468/U1_1/CO,Add_468U1_1,FADDX1
U3670/ZN,U3670,INVX0
U2428/Z,U2428,NBUFFX2
Add_428/U1_2/CO,Add_428U1_2,FADDX1
U2374/Z,U2374,DELLN1X2
Sub_408/U3/QN,Sub_408U3,NAND2X1
Sub_408/U4/QN,Sub_408U4,NAND2X1
Sub_408/U2/QN,Sub_408U2,NAND2X1
U2446/Q,U2446,AO221X1
Reg0_reg[3]/Q,Reg0_reg[3],DFFARX1
Add_122/U26/ZN,Add_122U26,INVX0
Reg0_reg[4]/Q,Reg0_reg[4],DFFARX1
Add_122/U54/Q,Add_122U54,XOR2X1
U2379/Q,U2379,AND2X4
Add_368/U1_1/CO,Add_368U1_1,FADDX1
U3672/ZN,U3672,INVX0
U2466/Z,U2466,DELLN1X2
U2266/Q,U2266,AO221X2
Sub_388/U2_2/CO,Sub_388U2_2,FADDX1
Sub_388/U71/ZN,Sub_388U71,INVX0
U2265/Q,U2265,AO221X2
U2390/Z,U2390,NBUFFX2
Add_348/U1_2/CO,Add_348U1_2,FADDX1
U2463/Z,U2463,DELLN1X2
U2250/Z,U2250,DELLN1X2
Sub_273/U84/ZN,Sub_273U84,INVX0
Sub_273/U83/ZN,Sub_273U83,INVX0
U3673/ZN,U3673,INVX0
U2394/Q,U2394,AO22X2
U2393/Q,U2393,OR2X1
Datai[4],Datai[4],
U3662/Z,U3662,DELLN1X2
R728/U26/IN2,R728U26,AND2X1
R728/U26/IN1,R728U26,AND2X1
Sub_488/U2/INP,Sub_488U2,INVX0
Sub_488/U2_3/CI,Sub_488U2_3,FADDX1
Sub_488/U2_3/B,Sub_488U2_3,FADDX1
Sub_488/U2_3/A,Sub_488U2_3,FADDX1
Sub_448/U2_2/CI,Sub_448U2_2,FADDX1
Sub_448/U2_2/B,Sub_448U2_2,FADDX1
Sub_448/U2_2/A,Sub_448U2_2,FADDX1
Sub_448/U66/INP,Sub_448U66,INVX0
U2487/INP,U2487,DELLN1X2
Add_468/U1_2/CI,Add_468U1_2,FADDX2
Add_468/U1_2/B,Add_468U1_2,FADDX2
Add_468/U1_2/A,Add_468U1_2,FADDX2
U2950/IN5,U2950,AO221X1
U2950/IN4,U2950,AO221X1
U2950/IN3,U2950,AO221X1
U2950/IN2,U2950,AO221X1
U2950/IN1,U2950,AO221X1
Add_428/U31/IN2,Add_428U31,NAND2X0
Add_428/U31/IN1,Add_428U31,NAND2X0
Add_428/U32/IN2,Add_428U32,NAND2X0
Add_428/U32/IN1,Add_428U32,NAND2X0
Add_428/U30/IN2,Add_428U30,NAND2X0
Add_428/U30/IN1,Add_428U30,NAND2X0
Add_428/U22/INP,Add_428U22,INVX0
Sub_408/U5/IN3,Sub_408U5,NAND3X0
Sub_408/U5/IN2,Sub_408U5,NAND3X0
Sub_408/U5/IN1,Sub_408U5,NAND3X0
Sub_408/U68/INP,Sub_408U68,INVX0
U2434/INP,U2434,DELLN1X2
U3714/INP,U3714,DELLN1X2
U2438/IN4,U2438,AO22X2
U2438/IN3,U2438,AO22X2
U2438/IN2,U2438,AO22X2
U2438/IN1,U2438,AO22X2
Reg1_reg[3]/CLK,Reg1_reg[3],DFFARX1
Reg2_reg[3]/CLK,Reg2_reg[3],DFFARX1
U2440/IN4,U2440,AO22X2
U2440/IN3,U2440,AO22X2
U2440/IN2,U2440,AO22X2
U2440/IN1,U2440,AO22X2
Reg1_reg[4]/CLK,Reg1_reg[4],DFFARX1
Reg2_reg[4]/CLK,Reg2_reg[4],DFFARX1
Reg0_reg[5]/CLK,Reg0_reg[5],DFFARX1
Add_122/U53/IN2,Add_122U53,XOR2X1
Add_122/U53/IN1,Add_122U53,XOR2X1
Add_368/U1_2/CI,Add_368U1_2,FADDX1
Add_368/U1_2/B,Add_368U1_2,FADDX1
Add_368/U1_2/A,Add_368U1_2,FADDX1
U2442/INP,U2442,DELLN1X2
U2488/INP,U2488,DELLN1X2
U3640/IN5,U3640,AO221X1
U3640/IN4,U3640,AO221X1
U3640/IN3,U3640,AO221X1
U3640/IN2,U3640,AO221X1
U3640/IN1,U3640,AO221X1
Sub_388/U70/INP,Sub_388U70,INVX0
Sub_388/U2_3/CI,Sub_388U2_3,FADDX1
Sub_388/U2_3/B,Sub_388U2_3,FADDX1
Sub_388/U2_3/A,Sub_388U2_3,FADDX1
U2382/INP,U2382,NBUFFX2
Add_348/U6/IN2,Add_348U6,NAND2X0
Add_348/U6/IN1,Add_348U6,NAND2X0
Add_348/U7/IN2,Add_348U7,NAND2X0
Add_348/U7/IN1,Add_348U7,NAND2X0
Add_348/U5/IN2,Add_348U5,NAND2X0
Add_348/U5/IN1,Add_348U5,NAND2X0
U2262/IN5,U2262,AO221X1
U2262/IN4,U2262,AO221X1
U2262/IN3,U2262,AO221X1
U2262/IN2,U2262,AO221X1
U2262/IN1,U2262,AO221X1
Sub_273/U19/IN2,Sub_273U19,AND2X1
Sub_273/U19/IN1,Sub_273U19,AND2X1
Sub_273/U82/INP,Sub_273U82,INVX0
U2441/INP,U2441,DELLN1X2
U3756/IN4,U3756,AO22X2
U3756/IN3,U3756,AO22X2
U3756/IN2,U3756,AO22X2
U3756/IN1,U3756,AO22X2
R728/U26/Q,R728U26,AND2X1
Sub_488/U2/ZN,Sub_488U2,INVX0
Sub_488/U2_3/CO,Sub_488U2_3,FADDX1
Sub_448/U2_2/CO,Sub_448U2_2,FADDX1
Sub_448/U66/ZN,Sub_448U66,INVX0
U2487/Z,U2487,DELLN1X2
Add_468/U1_2/CO,Add_468U1_2,FADDX2
U2950/Q,U2950,AO221X1
Add_428/U31/QN,Add_428U31,NAND2X0
Add_428/U32/QN,Add_428U32,NAND2X0
Add_428/U30/QN,Add_428U30,NAND2X0
Add_428/U22/ZN,Add_428U22,INVX0
Sub_408/U5/QN,Sub_408U5,NAND3X0
Sub_408/U68/ZN,Sub_408U68,INVX0
U2434/Z,U2434,DELLN1X2
U3714/Z,U3714,DELLN1X2
U2438/Q,U2438,AO22X2
Reg1_reg[3]/Q,Reg1_reg[3],DFFARX1
Reg2_reg[3]/Q,Reg2_reg[3],DFFARX1
U2440/Q,U2440,AO22X2
Reg1_reg[4]/Q,Reg1_reg[4],DFFARX1
Reg2_reg[4]/Q,Reg2_reg[4],DFFARX1
Reg0_reg[5]/Q,Reg0_reg[5],DFFARX1
Add_122/U53/Q,Add_122U53,XOR2X1
Add_368/U1_2/CO,Add_368U1_2,FADDX1
U2442/Z,U2442,DELLN1X2
U2488/Z,U2488,DELLN1X2
U3640/Q,U3640,AO221X1
Sub_388/U70/ZN,Sub_388U70,INVX0
Sub_388/U2_3/CO,Sub_388U2_3,FADDX1
U2382/Z,U2382,NBUFFX2
Add_348/U6/QN,Add_348U6,NAND2X0
Add_348/U7/QN,Add_348U7,NAND2X0
Add_348/U5/QN,Add_348U5,NAND2X0
U2262/Q,U2262,AO221X1
Sub_273/U19/Q,Sub_273U19,AND2X1
Sub_273/U82/ZN,Sub_273U82,INVX0
U2441/Z,U2441,DELLN1X2
U3756/Q,U3756,AO22X2
Datai[5],Datai[5],
Sub_111/U11/IN2,Sub_111U11,AND2X1
Sub_111/U11/IN1,Sub_111U11,AND2X1
Sub_111/U12/IN2,Sub_111U12,AND2X1
Sub_111/U12/IN1,Sub_111U12,AND2X1
Sub_111/U16/INP,Sub_111U16,INVX0
R728/U1/IN2,R728U1,AND2X1
R728/U1/IN1,R728U1,AND2X1
U2372/INP,U2372,DELLN1X2
Sub_488/U12/IN2,Sub_488U12,NAND2X0
Sub_488/U12/IN1,Sub_488U12,NAND2X0
Sub_488/U13/IN2,Sub_488U13,NAND2X0
Sub_488/U13/IN1,Sub_488U13,NAND2X0
Sub_488/U11/IN2,Sub_488U11,NAND2X0
Sub_488/U11/IN1,Sub_488U11,NAND2X0
U3734/INP,U3734,INVX0
Sub_448/U2_3/CI,Sub_448U2_3,FADDX1
Sub_448/U2_3/B,Sub_448U2_3,FADDX1
Sub_448/U2_3/A,Sub_448U2_3,FADDX1
Sub_448/U65/INP,Sub_448U65,INVX0
U2449/INP,U2449,DELLN1X2
Add_468/U1_3/CI,Add_468U1_3,FADDX1
Add_468/U1_3/B,Add_468U1_3,FADDX1
Add_468/U1_3/A,Add_468U1_3,FADDX1
Add_428/U33/IN3,Add_428U33,NAND3X0
Add_428/U33/IN2,Add_428U33,NAND3X0
Add_428/U33/IN1,Add_428U33,NAND3X0
U2452/INP,U2452,NBUFFX4
Add_428/U23/INP,Add_428U23,INVX0
Sub_408/U2_2/CI,Sub_408U2_2,FADDX1
Sub_408/U2_2/B,Sub_408U2_2,FADDX1
Sub_408/U2_2/A,Sub_408U2_2,FADDX1
Sub_408/U67/INP,Sub_408U67,INVX0
U2462/IN5,U2462,AO221X1
U2462/IN4,U2462,AO221X1
U2462/IN3,U2462,AO221X1
U2462/IN2,U2462,AO221X1
U2462/IN1,U2462,AO221X1
U3692/INP,U3692,DELLN1X2
U3636/IN5,U3636,AO221X1
U3636/IN4,U3636,AO221X1
U3636/IN3,U3636,AO221X1
U3636/IN2,U3636,AO221X1
U3636/IN1,U3636,AO221X1
U2297/IN4,U2297,AO22X1
U2297/IN3,U2297,AO22X1
U2297/IN2,U2297,AO22X1
U2297/IN1,U2297,AO22X1
Reg1_reg[5]/CLK,Reg1_reg[5],DFFARX1
Reg2_reg[5]/CLK,Reg2_reg[5],DFFARX1
U2545/INP,U2545,DELLN1X2
Add_368/U1_3/CI,Add_368U1_3,FADDX1
Add_368/U1_3/B,Add_368U1_3,FADDX1
Add_368/U1_3/A,Add_368U1_3,FADDX1
U2451/INP,U2451,NBUFFX4
U2448/INP,U2448,DELLN1X2
U3732/INP,U3732,INVX0
Sub_388/U16/IN2,Sub_388U16,NAND2X0
Sub_388/U16/IN1,Sub_388U16,NAND2X0
Sub_388/U17/IN2,Sub_388U17,NAND2X0
Sub_388/U17/IN1,Sub_388U17,NAND2X0
Sub_388/U15/IN2,Sub_388U15,NAND2X1
Sub_388/U15/IN1,Sub_388U15,NAND2X1
U2436/INP,U2436,DELLN1X2
Add_348/U8/IN3,Add_348U8,NAND3X0
Add_348/U8/IN2,Add_348U8,NAND3X0
Add_348/U8/IN1,Add_348U8,NAND3X0
U2336/INP,U2336,DELLN1X2
U2542/INP,U2542,DELLN1X2
Sub_273/U1/IN2,Sub_273U1,AND2X1
Sub_273/U1/IN1,Sub_273U1,AND2X1
Sub_273/U81/INP,Sub_273U81,INVX0
U2353/INP,U2353,NBUFFX4
U2951/IN4,U2951,AO22X1
U2951/IN3,U2951,AO22X1
U2951/IN2,U2951,AO22X1
U2951/IN1,U2951,AO22X1
Sub_111/U11/Q,Sub_111U11,AND2X1
Sub_111/U12/Q,Sub_111U12,AND2X1
Sub_111/U16/ZN,Sub_111U16,INVX0
R728/U1/Q,R728U1,AND2X1
U2372/Z,U2372,DELLN1X2
Sub_488/U12/QN,Sub_488U12,NAND2X0
Sub_488/U13/QN,Sub_488U13,NAND2X0
Sub_488/U11/QN,Sub_488U11,NAND2X0
U3734/ZN,U3734,INVX0
Sub_448/U2_3/CO,Sub_448U2_3,FADDX1
Sub_448/U65/ZN,Sub_448U65,INVX0
U2449/Z,U2449,DELLN1X2
Add_468/U1_3/CO,Add_468U1_3,FADDX1
Add_428/U33/QN,Add_428U33,NAND3X0
U2452/Z,U2452,NBUFFX4
Add_428/U23/ZN,Add_428U23,INVX0
Sub_408/U2_2/CO,Sub_408U2_2,FADDX1
Sub_408/U67/ZN,Sub_408U67,INVX0
U2462/Q,U2462,AO221X1
U3692/Z,U3692,DELLN1X2
U3636/Q,U3636,AO221X1
U2297/Q,U2297,AO22X1
Reg1_reg[5]/Q,Reg1_reg[5],DFFARX1
Reg2_reg[5]/Q,Reg2_reg[5],DFFARX1
U2545/Z,U2545,DELLN1X2
Add_368/U1_3/CO,Add_368U1_3,FADDX1
U2451/Z,U2451,NBUFFX4
U2448/Z,U2448,DELLN1X2
U3732/ZN,U3732,INVX0
Sub_388/U16/QN,Sub_388U16,NAND2X0
Sub_388/U17/QN,Sub_388U17,NAND2X0
Sub_388/U15/QN,Sub_388U15,NAND2X1
U2436/Z,U2436,DELLN1X2
Add_348/U8/QN,Add_348U8,NAND3X0
U2336/Z,U2336,DELLN1X2
U2542/Z,U2542,DELLN1X2
Datai[6],Datai[6],
IR_reg[8]/Q,IR_reg[8],DFFARX1
IR_reg[3]/Q,IR_reg[3],DFFARX1
IR_reg[4]/Q,IR_reg[4],DFFARX1
Sub_273/U1/Q,Sub_273U1,AND2X1
Sub_273/U81/ZN,Sub_273U81,INVX0
U2353/Z,U2353,NBUFFX4
U2951/Q,U2951,AO22X1
Sub_111/U27/IN2,Sub_111U27,AND2X1
Sub_111/U27/IN1,Sub_111U27,AND2X1
Sub_111/U35/IN2,Sub_111U35,AND2X1
Sub_111/U35/IN1,Sub_111U35,AND2X1
Sub_111/U55/IN2,Sub_111U55,AND2X1
Sub_111/U55/IN1,Sub_111U55,AND2X1
Sub_111/U56/IN2,Sub_111U56,AND2X1
Sub_111/U56/IN1,Sub_111U56,AND2X1
Sub_111/U17/INP,Sub_111U17,INVX0
Sub_111/U25/IN2,Sub_111U25,AND2X4
Sub_111/U25/IN1,Sub_111U25,AND2X4
Sub_111/U23/IN2,Sub_111U23,AND2X1
Sub_111/U23/IN1,Sub_111U23,AND2X1
Sub_111/U32/IN2,Sub_111U32,AND2X1
Sub_111/U32/IN1,Sub_111U32,AND2X1
R728/U5/IN2,R728U5,AND2X1
R728/U5/IN1,R728U5,AND2X1
Sub_488/U14/IN3,Sub_488U14,NAND3X0
Sub_488/U14/IN2,Sub_488U14,NAND3X0
Sub_488/U14/IN1,Sub_488U14,NAND3X0
Sub_488/U65/INP,Sub_488U65,INVX0
Sub_448/U2_4/CI,Sub_448U2_4,FADDX1
Sub_448/U2_4/B,Sub_448U2_4,FADDX1
Sub_448/U2_4/A,Sub_448U2_4,FADDX1
Sub_448/U64/INP,Sub_448U64,INVX0
Add_468/U1_4/CI,Add_468U1_4,FADDX2
Add_468/U1_4/B,Add_468U1_4,FADDX2
Add_468/U1_4/A,Add_468U1_4,FADDX2
U3740/INP,U3740,INVX0
Add_428/U1_4/CI,Add_428U1_4,FADDX1
Add_428/U1_4/B,Add_428U1_4,FADDX1
Add_428/U1_4/A,Add_428U1_4,FADDX1
U3738/INP,U3738,INVX0
Sub_408/U2_3/CI,Sub_408U2_3,FADDX1
Sub_408/U2_3/B,Sub_408U2_3,FADDX1
Sub_408/U2_3/A,Sub_408U2_3,FADDX1
Sub_408/U66/INP,Sub_408U66,INVX0
U2517/INP,U2517,DELLN1X2
U3735/INP,U3735,INVX0
U2269/IN5,U2269,AO221X2
U2269/IN4,U2269,AO221X2
U2269/IN3,U2269,AO221X2
U2269/IN2,U2269,AO221X2
U2269/IN1,U2269,AO221X2
U3680/INP,U3680,INVX0
Add_368/U1_4/CI,Add_368U1_4,FADDX1
Add_368/U1_4/B,Add_368U1_4,FADDX1
Add_368/U1_4/A,Add_368U1_4,FADDX1
U3736/INP,U3736,INVX0
U2544/INP,U2544,DELLN1X2
Sub_388/U18/IN3,Sub_388U18,NAND3X0
Sub_388/U18/IN2,Sub_388U18,NAND3X0
Sub_388/U18/IN1,Sub_388U18,NAND3X0
Sub_388/U69/INP,Sub_388U69,INVX0
U2543/INP,U2543,DELLN1X2
U2275/IN5,U2275,AO221X2
U2275/IN4,U2275,AO221X2
U2275/IN3,U2275,AO221X2
U2275/IN2,U2275,AO221X2
U2275/IN1,U2275,AO221X2
Add_348/U21/IN2,Add_348U21,NAND2X0
Add_348/U21/IN1,Add_348U21,NAND2X0
Add_348/U22/IN2,Add_348U22,NAND2X0
Add_348/U22/IN1,Add_348U22,NAND2X0
Add_348/U20/IN2,Add_348U20,NAND2X0
Add_348/U20/IN1,Add_348U20,NAND2X0
U3733/INP,U3733,INVX0
Add_348/U1/INP,Add_348U1,INVX0
U2471/IN4,U2471,AO22X2
U2471/IN3,U2471,AO22X2
U2471/IN2,U2471,AO22X2
U2471/IN1,U2471,AO22X2
Reg0_reg[6]/CLK,Reg0_reg[6],DFFARX1
Add_122/U52/IN2,Add_122U52,XOR2X1
Add_122/U52/IN1,Add_122U52,XOR2X1
U2304/INP,U2304,NBUFFX2
Reg0_reg[7]/CLK,Reg0_reg[7],DFFARX1
Add_122/U51/IN2,Add_122U51,XOR2X1
Add_122/U51/IN1,Add_122U51,XOR2X1
Sub_111/U14/IN2,Sub_111U14,AND2X1
Sub_111/U14/IN1,Sub_111U14,AND2X1
Sub_111/U85/INP,Sub_111U85,INVX0
Sub_111/U8/IN2,Sub_111U8,AND2X1
Sub_111/U8/IN1,Sub_111U8,AND2X1
Sub_111/U62/INP,Sub_111U62,INVX0
IR_reg[6]/CLK,IR_reg[6],DFFARX1
IR_reg[5]/CLK,IR_reg[5],DFFARX1
Sub_111/U58/INP,Sub_111U58,INVX0
Sub_111/U60/INP,Sub_111U60,INVX0
IR_reg[0]/CLK,IR_reg[0],DFFARX1
IR_reg[1]/CLK,IR_reg[1],DFFARX1
U2546/IN4,U2546,AND4X1
U2546/IN3,U2546,AND4X1
U2546/IN2,U2546,AND4X1
U2546/IN1,U2546,AND4X1
Sub_273/U20/IN2,Sub_273U20,AND2X1
Sub_273/U20/IN1,Sub_273U20,AND2X1
Sub_273/U80/INP,Sub_273U80,INVX0
U2883/INP,U2883,NBUFFX2
Sub_111/U27/Q,Sub_111U27,AND2X1
Sub_111/U35/Q,Sub_111U35,AND2X1
IR_reg[6]/QN,IR_reg[6],DFFARX1
Sub_111/U55/Q,Sub_111U55,AND2X1
IR_reg[5]/QN,IR_reg[5],DFFARX1
Sub_111/U56/Q,Sub_111U56,AND2X1
IR_reg[9]/Q,IR_reg[9],DFFARX1
IR_reg[1]/QN,IR_reg[1],DFFARX1
Sub_111/U17/ZN,Sub_111U17,INVX0
IR_reg[0]/QN,IR_reg[0],DFFARX1
Sub_111/U25/Q,Sub_111U25,AND2X4
Sub_111/U23/Q,Sub_111U23,AND2X1
Sub_111/U32/Q,Sub_111U32,AND2X1
R728/U5/Q,R728U5,AND2X1
Sub_488/U14/QN,Sub_488U14,NAND3X0
Sub_488/U65/ZN,Sub_488U65,INVX0
Sub_448/U2_4/CO,Sub_448U2_4,FADDX1
Sub_448/U64/ZN,Sub_448U64,INVX0
Add_468/U1_4/CO,Add_468U1_4,FADDX2
U3740/ZN,U3740,INVX0
Add_428/U1_4/CO,Add_428U1_4,FADDX1
U3738/ZN,U3738,INVX0
Sub_408/U2_3/CO,Sub_408U2_3,FADDX1
Sub_408/U66/ZN,Sub_408U66,INVX0
U2517/Z,U2517,DELLN1X2
U3735/ZN,U3735,INVX0
U2269/Q,U2269,AO221X2
U3680/ZN,U3680,INVX0
Add_368/U1_4/CO,Add_368U1_4,FADDX1
U3736/ZN,U3736,INVX0
U2544/Z,U2544,DELLN1X2
Sub_388/U18/QN,Sub_388U18,NAND3X0
Sub_388/U69/ZN,Sub_388U69,INVX0
U2543/Z,U2543,DELLN1X2
U2275/Q,U2275,AO221X2
Add_348/U21/QN,Add_348U21,NAND2X0
Add_348/U22/QN,Add_348U22,NAND2X0
Add_348/U20/QN,Add_348U20,NAND2X0
U3733/ZN,U3733,INVX0
Add_348/U1/ZN,Add_348U1,INVX0
U2471/Q,U2471,AO22X2
Reg0_reg[6]/Q,Reg0_reg[6],DFFARX1
Add_122/U52/Q,Add_122U52,XOR2X1
U2304/Z,U2304,NBUFFX2
Reg0_reg[7]/Q,Reg0_reg[7],DFFARX1
Add_122/U51/Q,Add_122U51,XOR2X1
Sub_111/U14/Q,Sub_111U14,AND2X1
Sub_111/U85/ZN,Sub_111U85,INVX0
Sub_111/U8/Q,Sub_111U8,AND2X1
IR_reg[7]/Q,IR_reg[7],DFFARX1
Sub_111/U62/ZN,Sub_111U62,INVX0
IR_reg[6]/Q,IR_reg[6],DFFARX1
IR_reg[5]/Q,IR_reg[5],DFFARX1
IR_reg[2]/Q,IR_reg[2],DFFARX1
Sub_111/U58/ZN,Sub_111U58,INVX0
Sub_111/U60/ZN,Sub_111U60,INVX0
IR_reg[0]/Q,IR_reg[0],DFFARX1
IR_reg[1]/Q,IR_reg[1],DFFARX1
U2546/Q,U2546,AND4X1
Sub_273/U20/Q,Sub_273U20,AND2X1
Sub_273/U80/ZN,Sub_273U80,INVX0
U2883/Z,U2883,NBUFFX2
Sub_111/U39/IN2,Sub_111U39,AND2X1
Sub_111/U39/IN1,Sub_111U39,AND2X1
Sub_111/U86/INP,Sub_111U86,INVX0
IR_reg[7]/CLK,IR_reg[7],DFFARX1
Sub_111/U34/IN2,Sub_111U34,AND2X1
Sub_111/U34/IN1,Sub_111U34,AND2X1
IR_reg[8]/CLK,IR_reg[8],DFFARX1
Sub_111/U53/IN2,Sub_111U53,AND2X1
Sub_111/U53/IN1,Sub_111U53,AND2X1
Sub_111/U10/INP,Sub_111U10,NBUFFX2
U2978/INP,U2978,INVX0
Sub_111/U111/IN2,Sub_111U111,XOR2X1
Sub_111/U111/IN1,Sub_111U111,XOR2X1
U2981/INP,U2981,INVX0
Sub_111/U13/IN2,Sub_111U13,XOR2X1
Sub_111/U13/IN1,Sub_111U13,XOR2X1
IR_reg[9]/CLK,IR_reg[9],DFFARX1
Sub_111/U54/IN2,Sub_111U54,AND2X1
Sub_111/U54/IN1,Sub_111U54,AND2X1
Sub_111/U64/INP,Sub_111U64,INVX0
IR_reg[2]/CLK,IR_reg[2],DFFARX1
U2980/INP,U2980,INVX0
Sub_111/U115/IN2,Sub_111U115,XOR2X1
Sub_111/U115/IN1,Sub_111U115,XOR2X1
U2967/INP,U2967,INVX0
Sub_111/U37/INP,Sub_111U37,DELLN2X2
IR_reg[3]/CLK,IR_reg[3],DFFARX1
Sub_111/U49/IN2,Sub_111U49,AND2X1
Sub_111/U49/IN1,Sub_111U49,AND2X1
Sub_111/U3/INP,Sub_111U3,DELLN2X2
IR_reg[4]/CLK,IR_reg[4],DFFARX1
Sub_111/U24/IN2,Sub_111U24,AND2X1
Sub_111/U24/IN1,Sub_111U24,AND2X1
Sub_111/U21/INP,Sub_111U21,DELLN1X2
Sub_111/U51/IN2,Sub_111U51,AND2X1
Sub_111/U51/IN1,Sub_111U51,AND2X1
Sub_111/U66/INP,Sub_111U66,INVX0
Sub_111/U52/IN2,Sub_111U52,AND2X1
Sub_111/U52/IN1,Sub_111U52,AND2X1
Sub_111/U67/INP,Sub_111U67,INVX0
Sub_111/U50/IN2,Sub_111U50,AND2X1
Sub_111/U50/IN1,Sub_111U50,AND2X1
Sub_111/U73/INP,Sub_111U73,INVX0
Sub_111/U33/IN2,Sub_111U33,AND2X1
Sub_111/U33/IN1,Sub_111U33,AND2X1
Sub_111/U72/INP,Sub_111U72,INVX0
Sub_111/U48/IN2,Sub_111U48,AND2X1
Sub_111/U48/IN1,Sub_111U48,AND2X1
R728/U25/IN2,R728U25,AND2X1
R728/U25/IN1,R728U25,AND2X1
Sub_488/U2_5/CI,Sub_488U2_5,FADDX1
Sub_488/U2_5/B,Sub_488U2_5,FADDX1
Sub_488/U2_5/A,Sub_488U2_5,FADDX1
Sub_488/U64/INP,Sub_488U64,INVX0
U2375/INP,U2375,DELLN1X2
Sub_448/U1/INP,Sub_448U1,INVX0
Sub_448/U2_5/CI,Sub_448U2_5,FADDX1
Sub_448/U2_5/B,Sub_448U2_5,FADDX1
Sub_448/U2_5/A,Sub_448U2_5,FADDX1
U2279/INP,U2279,DELLN1X2
Add_468/U1_5/CI,Add_468U1_5,FADDX1
Add_468/U1_5/B,Add_468U1_5,FADDX1
Add_468/U1_5/A,Add_468U1_5,FADDX1
U3684/INP,U3684,INVX0
U2427/INP,U2427,DELLN1X2
Add_428/U1_5/CI,Add_428U1_5,FADDX1
Add_428/U1_5/B,Add_428U1_5,FADDX1
Add_428/U1_5/A,Add_428U1_5,FADDX1
Sub_408/U2_4/CI,Sub_408U2_4,FADDX2
Sub_408/U2_4/B,Sub_408U2_4,FADDX2
Sub_408/U2_4/A,Sub_408U2_4,FADDX2
Sub_408/U65/INP,Sub_408U65,INVX0
U2461/INP,U2461,DELLN1X2
U3681/INP,U3681,INVX0
U2276/IN5,U2276,AO221X2
U2276/IN4,U2276,AO221X2
U2276/IN3,U2276,AO221X2
U2276/IN2,U2276,AO221X2
U2276/IN1,U2276,AO221X2
U3687/INP,U3687,INVX0
Add_368/U1_5/CI,Add_368U1_5,FADDX1
Add_368/U1_5/B,Add_368U1_5,FADDX1
Add_368/U1_5/A,Add_368U1_5,FADDX1
U2278/INP,U2278,DELLN1X2
Sub_388/U2_5/CI,Sub_388U2_5,FADDX1
Sub_388/U2_5/B,Sub_388U2_5,FADDX1
Sub_388/U2_5/A,Sub_388U2_5,FADDX1
Sub_388/U68/INP,Sub_388U68,INVX0
U2429/INP,U2429,DELLN1X2
Add_348/U23/IN3,Add_348U23,NAND3X0
Add_348/U23/IN2,Add_348U23,NAND3X0
Add_348/U23/IN1,Add_348U23,NAND3X0
U3739/INP,U3739,INVX0
Add_348/U2/INP,Add_348U2,INVX0
U3679/INP,U3679,INVX0
U2306/IN4,U2306,AO22X1
U2306/IN3,U2306,AO22X1
U2306/IN2,U2306,AO22X1
U2306/IN1,U2306,AO22X1
Reg1_reg[6]/CLK,Reg1_reg[6],DFFARX1
Reg2_reg[6]/CLK,Reg2_reg[6],DFFARX1
U2288/IN4,U2288,AO22X1
U2288/IN3,U2288,AO22X1
U2288/IN2,U2288,AO22X1
U2288/IN1,U2288,AO22X1
Reg1_reg[7]/CLK,Reg1_reg[7],DFFARX1
U2367/INP,U2367,DELLN2X2
Reg2_reg[7]/CLK,Reg2_reg[7],DFFARX1
U2398/INP,U2398,DELLN1X2
Reg0_reg[8]/CLK,Reg0_reg[8],DFFARX1
U2774/INP,U2774,DELLN1X2
Add_122/U50/IN2,Add_122U50,XOR2X1
Add_122/U50/IN1,Add_122U50,XOR2X1
U2443/INP,U2443,DELLN1X2
IR_reg[30]/CLK,IR_reg[30],DFFARX1
U2500/IN2,U2500,NAND2X0
U2500/IN1,U2500,NAND2X0
Sub_111/U87/IN2,Sub_111U87,XOR2X1
Sub_111/U87/IN1,Sub_111U87,XOR2X1
U2504/IN2,U2504,NAND2X0
U2504/IN1,U2504,NAND2X0
IR_reg[29]/CLK,IR_reg[29],DFFARX1
Sub_111/U88/IN2,Sub_111U88,XOR2X1
Sub_111/U88/IN1,Sub_111U88,XOR2X1
U2559/IN2,U2559,NAND2X0
U2559/IN1,U2559,NAND2X0
U3749/IN3,U3749,OAI21X2
U3749/IN2,U3749,OAI21X2
U3749/IN1,U3749,OAI21X2
Sub_111/U70/INP,Sub_111U70,INVX0
Sub_111/U71/INP,Sub_111U71,INVX0
Sub_111/U7/IN2,Sub_111U7,AND2X1
Sub_111/U7/IN1,Sub_111U7,AND2X1
Sub_111/U30/IN2,Sub_111U30,AND2X1
Sub_111/U30/IN1,Sub_111U30,AND2X1
Sub_111/U63/INP,Sub_111U63,INVX0
Sub_111/U22/IN2,Sub_111U22,AND2X1
Sub_111/U22/IN1,Sub_111U22,AND2X1
Sub_111/U65/INP,Sub_111U65,INVX0
Sub_111/U61/INP,Sub_111U61,INVX0
Sub_111/U59/INP,Sub_111U59,INVX0
Sub_111/U26/IN2,Sub_111U26,AND2X1
Sub_111/U26/IN1,Sub_111U26,AND2X1
Sub_111/U117/INP,Sub_111U117,INVX0
Sub_111/U116/INP,Sub_111U116,INVX0
U2511/IN3,U2511,AND3X1
U2511/IN2,U2511,AND3X1
U2511/IN1,U2511,AND3X1
Sub_273/U22/IN2,Sub_273U22,AND2X1
Sub_273/U22/IN1,Sub_273U22,AND2X1
Sub_273/U79/INP,Sub_273U79,INVX0
U3682/INP,U3682,INVX0
Sub_111/U39/Q,Sub_111U39,AND2X1
Sub_111/U86/ZN,Sub_111U86,INVX0
IR_reg[7]/QN,IR_reg[7],DFFARX1
Sub_111/U34/Q,Sub_111U34,AND2X1
IR_reg[8]/QN,IR_reg[8],DFFARX1
Sub_111/U53/Q,Sub_111U53,AND2X1
Sub_111/U10/Z,Sub_111U10,NBUFFX2
U2978/ZN,U2978,INVX0
Sub_111/U111/Q,Sub_111U111,XOR2X1
U2981/ZN,U2981,INVX0
Sub_111/U13/Q,Sub_111U13,XOR2X1
IR_reg[9]/QN,IR_reg[9],DFFARX1
Sub_111/U54/Q,Sub_111U54,AND2X1
Sub_111/U64/ZN,Sub_111U64,INVX0
IR_reg[2]/QN,IR_reg[2],DFFARX1
U2980/ZN,U2980,INVX0
Sub_111/U115/Q,Sub_111U115,XOR2X1
U2967/ZN,U2967,INVX0
Sub_111/U37/Z,Sub_111U37,DELLN2X2
IR_reg[3]/QN,IR_reg[3],DFFARX1
Sub_111/U49/Q,Sub_111U49,AND2X1
Sub_111/U3/Z,Sub_111U3,DELLN2X2
IR_reg[4]/QN,IR_reg[4],DFFARX1
Sub_111/U24/Q,Sub_111U24,AND2X1
Sub_111/U21/Z,Sub_111U21,DELLN1X2
Sub_111/U51/Q,Sub_111U51,AND2X1
Sub_111/U66/ZN,Sub_111U66,INVX0
Sub_111/U52/Q,Sub_111U52,AND2X1
Sub_111/U67/ZN,Sub_111U67,INVX0
Sub_111/U50/Q,Sub_111U50,AND2X1
Sub_111/U73/ZN,Sub_111U73,INVX0
Sub_111/U33/Q,Sub_111U33,AND2X1
Sub_111/U72/ZN,Sub_111U72,INVX0
Sub_111/U48/Q,Sub_111U48,AND2X1
R728/U25/Q,R728U25,AND2X1
Sub_488/U2_5/CO,Sub_488U2_5,FADDX1
Sub_488/U64/ZN,Sub_488U64,INVX0
U2375/Z,U2375,DELLN1X2
Sub_448/U1/ZN,Sub_448U1,INVX0
Sub_448/U2_5/CO,Sub_448U2_5,FADDX1
U2279/Z,U2279,DELLN1X2
Add_468/U1_5/CO,Add_468U1_5,FADDX1
U3684/ZN,U3684,INVX0
U2427/Z,U2427,DELLN1X2
Add_428/U1_5/CO,Add_428U1_5,FADDX1
Sub_408/U2_4/CO,Sub_408U2_4,FADDX2
Sub_408/U65/ZN,Sub_408U65,INVX0
U2461/Z,U2461,DELLN1X2
U3681/ZN,U3681,INVX0
U2276/Q,U2276,AO221X2
U3687/ZN,U3687,INVX0
Add_368/U1_5/CO,Add_368U1_5,FADDX1
U2278/Z,U2278,DELLN1X2
Sub_388/U2_5/CO,Sub_388U2_5,FADDX1
Sub_388/U68/ZN,Sub_388U68,INVX0
U2429/Z,U2429,DELLN1X2
Add_348/U23/QN,Add_348U23,NAND3X0
U3739/ZN,U3739,INVX0
Add_348/U2/ZN,Add_348U2,INVX0
U3679/ZN,U3679,INVX0
U2306/Q,U2306,AO22X1
Reg1_reg[6]/Q,Reg1_reg[6],DFFARX1
Reg2_reg[6]/Q,Reg2_reg[6],DFFARX1
Datai[7],Datai[7],
U2288/Q,U2288,AO22X1
Reg1_reg[7]/Q,Reg1_reg[7],DFFARX1
U2367/Z,U2367,DELLN2X2
Reg2_reg[7]/Q,Reg2_reg[7],DFFARX1
U2398/Z,U2398,DELLN1X2
Reg0_reg[8]/Q,Reg0_reg[8],DFFARX1
U2774/Z,U2774,DELLN1X2
Add_122/U50/Q,Add_122U50,XOR2X1
U2443/Z,U2443,DELLN1X2
IR_reg[30]/Q,IR_reg[30],DFFARX1
U2500/QN,U2500,NAND2X0
Sub_111/U87/Q,Sub_111U87,XOR2X1
U2504/QN,U2504,NAND2X0
IR_reg[29]/Q,IR_reg[29],DFFARX1
Sub_111/U88/Q,Sub_111U88,XOR2X1
U2559/QN,U2559,NAND2X0
U3749/QN,U3749,OAI21X2
Sub_111/U70/ZN,Sub_111U70,INVX0
Sub_111/U71/ZN,Sub_111U71,INVX0
Sub_111/U7/Q,Sub_111U7,AND2X1
Sub_111/U30/Q,Sub_111U30,AND2X1
Sub_111/U63/ZN,Sub_111U63,INVX0
Sub_111/U22/Q,Sub_111U22,AND2X1
Sub_111/U65/ZN,Sub_111U65,INVX0
Sub_111/U61/ZN,Sub_111U61,INVX0
Sub_111/U59/ZN,Sub_111U59,INVX0
Sub_111/U26/Q,Sub_111U26,AND2X1
Sub_111/U117/ZN,Sub_111U117,INVX0
Sub_111/U116/ZN,Sub_111U116,INVX0
U2511/Q,U2511,AND3X1
Sub_273/U22/Q,Sub_273U22,AND2X1
Sub_273/U79/ZN,Sub_273U79,INVX0
U3682/ZN,U3682,INVX0
Sub_111/U57/IN2,Sub_111U57,NAND2X0
Sub_111/U57/IN1,Sub_111U57,NAND2X0
U2977/INP,U2977,INVX0
Sub_111/U110/IN2,Sub_111U110,XOR2X1
Sub_111/U110/IN1,Sub_111U110,XOR2X1
U2974/INP,U2974,INVX0
Sub_111/U109/IN2,Sub_111U109,XOR2X1
Sub_111/U109/IN1,Sub_111U109,XOR2X1
U935/IN4,U935,AO22X1
U935/IN3,U935,AO22X1
U935/IN2,U935,AO22X1
U935/IN1,U935,AO22X1
U937/IN4,U937,AO22X1
U937/IN3,U937,AO22X1
U937/IN2,U937,AO22X1
U937/IN1,U937,AO22X1
U2979/INP,U2979,INVX0
Sub_111/U108/IN2,Sub_111U108,XOR2X1
Sub_111/U108/IN1,Sub_111U108,XOR2X1
U2975/INP,U2975,INVX0
Sub_111/U114/IN2,Sub_111U114,XOR2X1
Sub_111/U114/IN1,Sub_111U114,XOR2X1
U947/IN4,U947,AO22X1
U947/IN3,U947,AO22X1
U947/IN2,U947,AO22X1
U947/IN1,U947,AO22X1
U949/IN4,U949,AO22X1
U949/IN3,U949,AO22X1
U949/IN2,U949,AO22X1
U949/IN1,U949,AO22X1
U2973/INP,U2973,INVX0
Sub_111/U113/IN2,Sub_111U113,XOR2X1
Sub_111/U113/IN1,Sub_111U113,XOR2X1
U2976/INP,U2976,INVX0
Sub_111/U112/IN2,Sub_111U112,XOR2X1
Sub_111/U112/IN1,Sub_111U112,XOR2X1
IR_reg[12]/CLK,IR_reg[12],DFFARX1
Sub_111/U105/IN2,Sub_111U105,XOR2X1
Sub_111/U105/IN1,Sub_111U105,XOR2X1
IR_reg[13]/CLK,IR_reg[13],DFFARX1
Sub_111/U104/IN2,Sub_111U104,XOR2X1
Sub_111/U104/IN1,Sub_111U104,XOR2X1
U968/IN4,U968,AO22X1
U968/IN3,U968,AO22X1
U968/IN2,U968,AO22X1
U968/IN1,U968,AO22X1
IR_reg[14]/CLK,IR_reg[14],DFFARX1
Sub_111/U103/IN2,Sub_111U103,XOR2X1
Sub_111/U103/IN1,Sub_111U103,XOR2X1
IR_reg[15]/CLK,IR_reg[15],DFFARX1
Sub_111/U102/IN2,Sub_111U102,XOR2X1
Sub_111/U102/IN1,Sub_111U102,XOR2X1
IR_reg[16]/CLK,IR_reg[16],DFFARX1
Sub_111/U101/IN2,Sub_111U101,XOR2X1
Sub_111/U101/IN1,Sub_111U101,XOR2X1
IR_reg[17]/CLK,IR_reg[17],DFFARX1
Sub_111/U100/IN2,Sub_111U100,XOR2X1
Sub_111/U100/IN1,Sub_111U100,XOR2X1
U2984/INP,U2984,INVX0
Sub_111/U99/IN2,Sub_111U99,XOR2X1
Sub_111/U99/IN1,Sub_111U99,XOR2X1
R728/U28/IN2,R728U28,AND2X1
R728/U28/IN1,R728U28,AND2X1
Add_122/U22/IN2,Add_122U22,AND2X1
Add_122/U22/IN1,Add_122U22,AND2X1
Reg3_reg[12]/CLK,Reg3_reg[12],DFFARX1
Sub_111/U38/IN2,Sub_111U38,AND2X1
Sub_111/U38/IN1,Sub_111U38,AND2X1
Sub_111/U83/INP,Sub_111U83,INVX0
Sub_488/U2_6/CI,Sub_488U2_6,FADDX1
Sub_488/U2_6/B,Sub_488U2_6,FADDX1
Sub_488/U2_6/A,Sub_488U2_6,FADDX1
Sub_488/U63/INP,Sub_488U63,INVX0
Sub_448/U38/IN2,Sub_448U38,NAND2X0
Sub_448/U38/IN1,Sub_448U38,NAND2X0
Sub_448/U37/IN2,Sub_448U37,NAND2X0
Sub_448/U37/IN1,Sub_448U37,NAND2X0
Sub_448/U36/IN2,Sub_448U36,NAND2X0
Sub_448/U36/IN1,Sub_448U36,NAND2X0
Add_468/U1_6/CI,Add_468U1_6,FADDX2
Add_468/U1_6/B,Add_468U1_6,FADDX2
Add_468/U1_6/A,Add_468U1_6,FADDX2
Add_428/U1_6/CI,Add_428U1_6,FADDX1
Add_428/U1_6/B,Add_428U1_6,FADDX1
Add_428/U1_6/A,Add_428U1_6,FADDX1
U3648/INP,U3648,DELLN1X2
U3643/IN5,U3643,AO221X1
U3643/IN4,U3643,AO221X1
U3643/IN3,U3643,AO221X1
U3643/IN2,U3643,AO221X1
U3643/IN1,U3643,AO221X1
Sub_408/U2_5/CI,Sub_408U2_5,FADDX1
Sub_408/U2_5/B,Sub_408U2_5,FADDX1
Sub_408/U2_5/A,Sub_408U2_5,FADDX1
Sub_408/U64/INP,Sub_408U64,INVX0
U2472/INP,U2472,DELLN1X2
U2564/INP,U2564,DELLN1X2
Add_368/U31/IN2,Add_368U31,NAND2X0
Add_368/U31/IN1,Add_368U31,NAND2X0
Add_368/U32/IN2,Add_368U32,NAND2X0
Add_368/U32/IN1,Add_368U32,NAND2X0
Add_368/U30/IN2,Add_368U30,NAND2X0
Add_368/U30/IN1,Add_368U30,NAND2X0
Sub_388/U2_6/CI,Sub_388U2_6,FADDX1
Sub_388/U2_6/B,Sub_388U2_6,FADDX1
Sub_388/U2_6/A,Sub_388U2_6,FADDX1
Sub_388/U67/INP,Sub_388U67,INVX0
Add_348/U1_5/CI,Add_348U1_5,FADDX1
Add_348/U1_5/B,Add_348U1_5,FADDX1
Add_348/U1_5/A,Add_348U1_5,FADDX1
U3683/INP,U3683,INVX0
U2274/IN5,U2274,AO221X2
U2274/IN4,U2274,AO221X2
U2274/IN3,U2274,AO221X2
U2274/IN2,U2274,AO221X2
U2274/IN1,U2274,AO221X2
U2536/IN4,U2536,AO22X2
U2536/IN3,U2536,AO22X2
U2536/IN2,U2536,AO22X2
U2536/IN1,U2536,AO22X2
U2268/IN5,U2268,AO221X2
U2268/IN4,U2268,AO221X2
U2268/IN3,U2268,AO221X2
U2268/IN2,U2268,AO221X2
U2268/IN1,U2268,AO221X2
U2305/IN4,U2305,AO22X1
U2305/IN3,U2305,AO22X1
U2305/IN2,U2305,AO22X1
U2305/IN1,U2305,AO22X1
Reg1_reg[8]/CLK,Reg1_reg[8],DFFARX1
U2286/INP,U2286,DELLN1X2
Reg2_reg[8]/CLK,Reg2_reg[8],DFFARX1
U3660/INP,U3660,DELLN1X2
Reg0_reg[9]/CLK,Reg0_reg[9],DFFARX1
U3659/IN2,U3659,NOR2X0
U3659/IN1,U3659,NOR2X0
Add_122/U49/IN2,Add_122U49,XOR2X1
Add_122/U49/IN1,Add_122U49,XOR2X1
U2391/IN2,U2391,XNOR2X2
U2391/IN1,U2391,XNOR2X2
U2387/IN2,U2387,XNOR2X2
U2387/IN1,U2387,XNOR2X2
U507/IN4,U507,AO22X1
U507/IN3,U507,AO22X1
U507/IN2,U507,AO22X1
U507/IN1,U507,AO22X1
U3748/IN2,U3748,NAND2X0
U3748/IN1,U3748,NAND2X0
U2481/IN4,U2481,AO22X1
U2481/IN3,U2481,AO22X1
U2481/IN2,U2481,AO22X1
U2481/IN1,U2481,AO22X1
Sub_111/U36/IN2,Sub_111U36,AND2X1
Sub_111/U36/IN1,Sub_111U36,AND2X1
Sub_111/U31/IN2,Sub_111U31,AND2X1
Sub_111/U31/IN1,Sub_111U31,AND2X1
IR_reg[18]/CLK,IR_reg[18],DFFARX1
Sub_111/U19/IN2,Sub_111U19,AND2X1
Sub_111/U19/IN1,Sub_111U19,AND2X1
Sub_111/U9/IN2,Sub_111U9,AND2X1
Sub_111/U9/IN1,Sub_111U9,AND2X1
Sub_111/U20/IN2,Sub_111U20,AND2X1
Sub_111/U20/IN1,Sub_111U20,AND2X1
Sub_111/U4/IN2,Sub_111U4,AND2X1
Sub_111/U4/IN1,Sub_111U4,AND2X1
U909/IN4,U909,NAND4X0
U909/IN3,U909,NAND4X0
U909/IN2,U909,NAND4X0
U909/IN1,U909,NAND4X0
B_reg/CLK,B_reg,DFFARX1
Sub_273/U13/IN2,Sub_273U13,AND2X1
Sub_273/U13/IN1,Sub_273U13,AND2X1
Sub_273/U78/INP,Sub_273U78,INVX0
U2902/INP,U2902,NBUFFX2
U2889/INP,U2889,NBUFFX2
Sub_111/U57/QN,Sub_111U57,NAND2X0
U2977/ZN,U2977,INVX0
Sub_111/U110/Q,Sub_111U110,XOR2X1
U2974/ZN,U2974,INVX0
Sub_111/U109/Q,Sub_111U109,XOR2X1
U935/Q,U935,AO22X1
U937/Q,U937,AO22X1
U2979/ZN,U2979,INVX0
Sub_111/U108/Q,Sub_111U108,XOR2X1
U2975/ZN,U2975,INVX0
Sub_111/U114/Q,Sub_111U114,XOR2X1
U947/Q,U947,AO22X1
U949/Q,U949,AO22X1
U2973/ZN,U2973,INVX0
Sub_111/U113/Q,Sub_111U113,XOR2X1
U2976/ZN,U2976,INVX0
Sub_111/U112/Q,Sub_111U112,XOR2X1
IR_reg[12]/Q,IR_reg[12],DFFARX1
Sub_111/U105/Q,Sub_111U105,XOR2X1
IR_reg[13]/Q,IR_reg[13],DFFARX1
Sub_111/U104/Q,Sub_111U104,XOR2X1
U968/Q,U968,AO22X1
IR_reg[14]/Q,IR_reg[14],DFFARX1
Sub_111/U103/Q,Sub_111U103,XOR2X1
IR_reg[15]/Q,IR_reg[15],DFFARX1
Sub_111/U102/Q,Sub_111U102,XOR2X1
IR_reg[16]/Q,IR_reg[16],DFFARX1
Sub_111/U101/Q,Sub_111U101,XOR2X1
IR_reg[17]/Q,IR_reg[17],DFFARX1
Sub_111/U100/Q,Sub_111U100,XOR2X1
U2984/ZN,U2984,INVX0
Sub_111/U99/Q,Sub_111U99,XOR2X1
R728/U28/Q,R728U28,AND2X1
Add_122/U22/Q,Add_122U22,AND2X1
Reg3_reg[12]/Q,Reg3_reg[12],DFFARX1
Sub_111/U38/Q,Sub_111U38,AND2X1
Sub_111/U83/ZN,Sub_111U83,INVX0
Sub_488/U2_6/CO,Sub_488U2_6,FADDX1
Sub_488/U63/ZN,Sub_488U63,INVX0
Sub_448/U38/QN,Sub_448U38,NAND2X0
Sub_448/U37/QN,Sub_448U37,NAND2X0
Sub_448/U36/QN,Sub_448U36,NAND2X0
Add_468/U1_6/CO,Add_468U1_6,FADDX2
Add_428/U1_6/CO,Add_428U1_6,FADDX1
U3648/Z,U3648,DELLN1X2
U3643/Q,U3643,AO221X1
Sub_408/U2_5/CO,Sub_408U2_5,FADDX1
Sub_408/U64/ZN,Sub_408U64,INVX0
U2472/Z,U2472,DELLN1X2
U2564/Z,U2564,DELLN1X2
Add_368/U31/QN,Add_368U31,NAND2X0
Add_368/U32/QN,Add_368U32,NAND2X0
Add_368/U30/QN,Add_368U30,NAND2X0
Sub_388/U2_6/CO,Sub_388U2_6,FADDX1
Sub_388/U67/ZN,Sub_388U67,INVX0
Add_348/U1_5/CO,Add_348U1_5,FADDX1
U3683/ZN,U3683,INVX0
U2274/Q,U2274,AO221X2
U2536/Q,U2536,AO22X2
U2268/Q,U2268,AO221X2
Datai[8],Datai[8],
U2305/Q,U2305,AO22X1
Reg1_reg[8]/Q,Reg1_reg[8],DFFARX1
U2286/Z,U2286,DELLN1X2
Reg2_reg[8]/Q,Reg2_reg[8],DFFARX1
Datai[9],Datai[9],
U3660/Z,U3660,DELLN1X2
Reg0_reg[9]/Q,Reg0_reg[9],DFFARX1
U3659/QN,U3659,NOR2X0
Add_122/U49/Q,Add_122U49,XOR2X1
U2391/Q,U2391,XNOR2X2
U2387/Q,U2387,XNOR2X2
U507/Q,U507,AO22X1
U3748/QN,U3748,NAND2X0
U2481/Q,U2481,AO22X1
Sub_111/U36/Q,Sub_111U36,AND2X1
Sub_111/U31/Q,Sub_111U31,AND2X1
IR_reg[18]/Q,IR_reg[18],DFFARX1
Sub_111/U19/Q,Sub_111U19,AND2X1
Sub_111/U9/Q,Sub_111U9,AND2X1
Sub_111/U20/Q,Sub_111U20,AND2X1
Sub_111/U4/Q,Sub_111U4,AND2X1
U909/QN,U909,NAND4X0
B_reg/QN,B_reg,DFFARX1
Sub_273/U13/Q,Sub_273U13,AND2X1
Sub_273/U78/ZN,Sub_273U78,INVX0
U2902/Z,U2902,NBUFFX2
U2889/Z,U2889,NBUFFX2
Sub_111/U5/IN2,Sub_111U5,AND2X1
Sub_111/U5/IN1,Sub_111U5,AND2X1
Sub_111/U77/INP,Sub_111U77,INVX0
Sub_111/U118/INP,Sub_111U118,INVX0
Sub_111/U2/INP,Sub_111U2,INVX1
Reg3_reg[3]/CLK,Reg3_reg[3],DFFARX1
Reg3_reg[4]/CLK,Reg3_reg[4],DFFARX1
U932/IN4,U932,AO22X1
U932/IN3,U932,AO22X1
U932/IN2,U932,AO22X1
U932/IN1,U932,AO22X1
U939/IN4,U939,AO22X1
U939/IN3,U939,AO22X1
U939/IN2,U939,AO22X1
U939/IN1,U939,AO22X1
U934/IN2,U934,OR2X1
U934/IN1,U934,OR2X1
U941/IN4,U941,AO22X1
U941/IN3,U941,AO22X1
U941/IN2,U941,AO22X1
U941/IN1,U941,AO22X1
U944/IN4,U944,AO22X1
U944/IN3,U944,AO22X1
U944/IN2,U944,AO22X1
U944/IN1,U944,AO22X1
U946/IN2,U946,OR2X1
U946/IN1,U946,OR2X1
U951/IN4,U951,AO22X1
U951/IN3,U951,AO22X1
U951/IN2,U951,AO22X1
U951/IN1,U951,AO22X1
U953/IN4,U953,AO22X1
U953/IN3,U953,AO22X1
U953/IN2,U953,AO22X1
U953/IN1,U953,AO22X1
U965/IN4,U965,AO22X1
U965/IN3,U965,AO22X1
U965/IN2,U965,AO22X1
U965/IN1,U965,AO22X1
U972/IN4,U972,AO22X1
U972/IN3,U972,AO22X1
U972/IN2,U972,AO22X1
U972/IN1,U972,AO22X1
U2283/IN2,U2283,OR2X4
U2283/IN1,U2283,OR2X4
U974/IN4,U974,AO22X1
U974/IN3,U974,AO22X1
U974/IN2,U974,AO22X1
U974/IN1,U974,AO22X1
U956/IN4,U956,AO22X1
U956/IN3,U956,AO22X1
U956/IN2,U956,AO22X1
U956/IN1,U956,AO22X1
U958/IN4,U958,AO22X1
U958/IN3,U958,AO22X1
U958/IN2,U958,AO22X1
U958/IN1,U958,AO22X1
U960/IN4,U960,AO22X1
U960/IN3,U960,AO22X1
U960/IN2,U960,AO22X1
U960/IN1,U960,AO22X1
U2538/IN4,U2538,AO22X2
U2538/IN3,U2538,AO22X2
U2538/IN2,U2538,AO22X2
U2538/IN1,U2538,AO22X2
R728/U27/IN2,R728U27,AND2X1
R728/U27/IN1,R728U27,AND2X1
Reg0_reg[12]/CLK,Reg0_reg[12],DFFARX1
Add_122/U46/IN2,Add_122U46,XOR2X1
Add_122/U46/IN1,Add_122U46,XOR2X1
U3637/INP,U3637,DELLN1X2
Sub_111/U42/IN2,Sub_111U42,AND2X1
Sub_111/U42/IN1,Sub_111U42,AND2X1
Sub_111/U84/INP,Sub_111U84,INVX0
IR_reg[27]/CLK,IR_reg[27],DFFARX1
Sub_111/U90/IN2,Sub_111U90,XOR2X1
Sub_111/U90/IN1,Sub_111U90,XOR2X1
Sub_488/U2_7/CI,Sub_488U2_7,FADDX1
Sub_488/U2_7/B,Sub_488U2_7,FADDX1
Sub_488/U2_7/A,Sub_488U2_7,FADDX1
Sub_488/U62/INP,Sub_488U62,INVX0
Sub_448/U39/IN3,Sub_448U39,NAND3X0
Sub_448/U39/IN2,Sub_448U39,NAND3X0
Sub_448/U39/IN1,Sub_448U39,NAND3X0
Sub_448/U63/INP,Sub_448U63,INVX0
Add_468/U1_7/CI,Add_468U1_7,FADDX2
Add_468/U1_7/B,Add_468U1_7,FADDX2
Add_468/U1_7/A,Add_468U1_7,FADDX2
Add_428/U1_7/CI,Add_428U1_7,FADDX1
Add_428/U1_7/B,Add_428U1_7,FADDX1
Add_428/U1_7/A,Add_428U1_7,FADDX1
U3644/INP,U3644,DELLN1X2
Sub_408/U2_6/CI,Sub_408U2_6,FADDX2
Sub_408/U2_6/B,Sub_408U2_6,FADDX2
Sub_408/U2_6/A,Sub_408U2_6,FADDX2
Sub_408/U63/INP,Sub_408U63,INVX0
U3650/INP,U3650,DELLN1X2
Add_368/U33/IN3,Add_368U33,NAND3X0
Add_368/U33/IN2,Add_368U33,NAND3X0
Add_368/U33/IN1,Add_368U33,NAND3X0
U2877/INP,U2877,NBUFFX2
U3646/INP,U3646,DELLN1X2
Sub_388/U2_7/CI,Sub_388U2_7,FADDX1
Sub_388/U2_7/B,Sub_388U2_7,FADDX1
Sub_388/U2_7/A,Sub_388U2_7,FADDX1
Sub_388/U66/INP,Sub_388U66,INVX0
Add_348/U1_6/CI,Add_348U1_6,FADDX1
Add_348/U1_6/B,Add_348U1_6,FADDX1
Add_348/U1_6/A,Add_348U1_6,FADDX1
U2890/INP,U2890,NBUFFX2
U3647/INP,U3647,DELLN1X2
U2548/IN4,U2548,AO22X2
U2548/IN3,U2548,AO22X2
U2548/IN2,U2548,AO22X2
U2548/IN1,U2548,AO22X2
U3642/IN5,U3642,AO221X1
U3642/IN4,U3642,AO221X1
U3642/IN3,U3642,AO221X1
U3642/IN2,U3642,AO221X1
U3642/IN1,U3642,AO221X1
U2459/IN4,U2459,AO22X2
U2459/IN3,U2459,AO22X2
U2459/IN2,U2459,AO22X2
U2459/IN1,U2459,AO22X2
U462/IN4,U462,AO22X1
U462/IN3,U462,AO22X1
U462/IN2,U462,AO22X1
U462/IN1,U462,AO22X1
Reg1_reg[9]/CLK,Reg1_reg[9],DFFARX1
Reg2_reg[9]/CLK,Reg2_reg[9],DFFARX1
U3641/INP,U3641,DELLN1X2
U3635/IN2,U3635,NOR2X0
U3635/IN1,U3635,NOR2X0
U3689/IN2,U3689,NOR2X0
U3689/IN1,U3689,NOR2X0
U2568/IN2,U2568,AND2X4
U2568/IN1,U2568,AND2X4
U2704/INP,U2704,INVX0
U2445/IN4,U2445,AO22X1
U2445/IN3,U2445,AO22X1
U2445/IN2,U2445,AO22X1
U2445/IN1,U2445,AO22X1
U3690/IN2,U3690,XOR2X2
U3690/IN1,U3690,XOR2X2
U2415/INP,U2415,INVX0
Sub_111/U47/IN2,Sub_111U47,AND2X1
Sub_111/U47/IN1,Sub_111U47,AND2X1
Sub_111/U76/INP,Sub_111U76,INVX0
Sub_111/U18/IN2,Sub_111U18,NAND2X0
Sub_111/U18/IN1,Sub_111U18,NAND2X0
Sub_111/U29/IN2,Sub_111U29,NAND2X0
Sub_111/U29/IN1,Sub_111U29,NAND2X0
U3750/IN2,U3750,NAND2X0
U3750/IN1,U3750,NAND2X0
U842/IN2,U842,XOR2X1
U842/IN1,U842,XOR2X1
Sub_273/U14/IN2,Sub_273U14,AND2X1
Sub_273/U14/IN1,Sub_273U14,AND2X1
Sub_273/U77/INP,Sub_273U77,INVX0
U3758/INP,U3758,DELLN1X2
U3728/INP,U3728,INVX0
Sub_111/U5/Q,Sub_111U5,AND2X1
Sub_111/U77/ZN,Sub_111U77,INVX0
Sub_111/U118/ZN,Sub_111U118,INVX0
Sub_111/U2/ZN,Sub_111U2,INVX1
Reg3_reg[3]/Q,Reg3_reg[3],DFFARX1
Reg3_reg[4]/Q,Reg3_reg[4],DFFARX1
U932/Q,U932,AO22X1
U939/Q,U939,AO22X1
U934/Q,U934,OR2X1
U941/Q,U941,AO22X1
U944/Q,U944,AO22X1
U946/Q,U946,OR2X1
U951/Q,U951,AO22X1
U953/Q,U953,AO22X1
U965/Q,U965,AO22X1
U972/Q,U972,AO22X1
U2283/Q,U2283,OR2X4
U974/Q,U974,AO22X1
U956/Q,U956,AO22X1
U958/Q,U958,AO22X1
U960/Q,U960,AO22X1
U2538/Q,U2538,AO22X2
R728/U27/Q,R728U27,AND2X1
Reg0_reg[12]/Q,Reg0_reg[12],DFFARX1
Add_122/U46/Q,Add_122U46,XOR2X1
U3637/Z,U3637,DELLN1X2
Sub_111/U42/Q,Sub_111U42,AND2X1
Sub_111/U84/ZN,Sub_111U84,INVX0
IR_reg[27]/Q,IR_reg[27],DFFARX1
Sub_111/U90/Q,Sub_111U90,XOR2X1
Sub_488/U2_7/CO,Sub_488U2_7,FADDX1
Sub_488/U62/ZN,Sub_488U62,INVX0
Sub_448/U39/QN,Sub_448U39,NAND3X0
Sub_448/U63/ZN,Sub_448U63,INVX0
Add_468/U1_7/CO,Add_468U1_7,FADDX2
Add_428/U1_7/CO,Add_428U1_7,FADDX1
U3644/Z,U3644,DELLN1X2
Sub_408/U2_6/CO,Sub_408U2_6,FADDX2
Sub_408/U63/ZN,Sub_408U63,INVX0
U3650/Z,U3650,DELLN1X2
Add_368/U33/QN,Add_368U33,NAND3X0
U2877/Z,U2877,NBUFFX2
U3646/Z,U3646,DELLN1X2
Sub_388/U2_7/CO,Sub_388U2_7,FADDX1
Sub_388/U66/ZN,Sub_388U66,INVX0
Add_348/U1_6/CO,Add_348U1_6,FADDX1
U2890/Z,U2890,NBUFFX2
U3647/Z,U3647,DELLN1X2
U2548/Q,U2548,AO22X2
U3642/Q,U3642,AO221X1
U2459/Q,U2459,AO22X2
U462/Q,U462,AO22X1
Reg1_reg[9]/Q,Reg1_reg[9],DFFARX1
Reg2_reg[9]/Q,Reg2_reg[9],DFFARX1
U3641/Z,U3641,DELLN1X2
U3635/QN,U3635,NOR2X0
U3689/QN,U3689,NOR2X0
U2568/Q,U2568,AND2X4
U2704/ZN,U2704,INVX0
U2445/Q,U2445,AO22X1
U3690/Q,U3690,XOR2X2
U2415/ZN,U2415,INVX0
Sub_111/U47/Q,Sub_111U47,AND2X1
Sub_111/U76/ZN,Sub_111U76,INVX0
Sub_111/U18/QN,Sub_111U18,NAND2X0
Sub_111/U29/QN,Sub_111U29,NAND2X0
U3750/QN,U3750,NAND2X0
U842/Q,U842,XOR2X1
Sub_273/U14/Q,Sub_273U14,AND2X1
Sub_273/U77/ZN,Sub_273U77,INVX0
U3758/Z,U3758,DELLN1X2
U3728/ZN,U3728,INVX0
Sub_111/U41/IN2,Sub_111U41,AND2X1
Sub_111/U41/IN1,Sub_111U41,AND2X1
Sub_111/U81/INP,Sub_111U81,INVX0
IR_reg[24]/CLK,IR_reg[24],DFFARX1
Sub_111/U93/IN2,Sub_111U93,XOR2X1
Sub_111/U93/IN1,Sub_111U93,XOR2X1
Sub_111/U40/IN2,Sub_111U40,AND2X1
Sub_111/U40/IN1,Sub_111U40,AND2X1
Sub_111/U82/INP,Sub_111U82,INVX0
Sub_111/U1/IN2,Sub_111U1,XOR2X1
Sub_111/U1/IN1,Sub_111U1,XOR2X1
Add_122/U1/IN2,Add_122U1,AND2X1
Add_122/U1/IN1,Add_122U1,AND2X1
Reg3_reg[5]/CLK,Reg3_reg[5],DFFARX1
U2572/IN4,U2572,NOR4X1
U2572/IN3,U2572,NOR4X1
U2572/IN2,U2572,NOR4X1
U2572/IN1,U2572,NOR4X1
U2571/IN4,U2571,NOR4X1
U2571/IN3,U2571,NOR4X1
U2571/IN2,U2571,NOR4X1
U2571/IN1,U2571,NOR4X1
U2569/IN4,U2569,NOR4X1
U2569/IN3,U2569,NOR4X1
U2569/IN2,U2569,NOR4X1
U2569/IN1,U2569,NOR4X1
U2570/IN4,U2570,NOR4X1
U2570/IN3,U2570,NOR4X1
U2570/IN2,U2570,NOR4X1
U2570/IN1,U2570,NOR4X1
U3754/IN2,U3754,NOR2X0
U3754/IN1,U3754,NOR2X0
R728/U24/IN2,R728U24,AND2X1
R728/U24/IN1,R728U24,AND2X1
U453/IN4,U453,AO22X1
U453/IN3,U453,AO22X1
U453/IN2,U453,AO22X1
U453/IN1,U453,AO22X1
Reg1_reg[12]/CLK,Reg1_reg[12],DFFARX1
Reg2_reg[12]/CLK,Reg2_reg[12],DFFARX1
U3638/INP,U3638,DELLN1X2
Reg0_reg[10]/CLK,Reg0_reg[10],DFFARX1
U2422/INP,U2422,DELLN2X2
Add_122/U48/IN2,Add_122U48,XOR2X1
Add_122/U48/IN1,Add_122U48,XOR2X1
U2425/INP,U2425,DELLN1X2
IR_reg[28]/CLK,IR_reg[28],DFFARX1
Sub_111/U89/IN2,Sub_111U89,XOR2X1
Sub_111/U89/IN1,Sub_111U89,XOR2X1
U3746/INP,U3746,INVX0
U919/IN4,U919,OA22X1
U919/IN3,U919,OA22X1
U919/IN2,U919,OA22X1
U919/IN1,U919,OA22X1
Sub_488/U2_8/CI,Sub_488U2_8,FADDX1
Sub_488/U2_8/B,Sub_488U2_8,FADDX1
Sub_488/U2_8/A,Sub_488U2_8,FADDX1
Sub_488/U61/INP,Sub_488U61,INVX0
Sub_448/U2_7/CI,Sub_448U2_7,FADDX1
Sub_448/U2_7/B,Sub_448U2_7,FADDX1
Sub_448/U2_7/A,Sub_448U2_7,FADDX1
Sub_448/U62/INP,Sub_448U62,INVX0
U2884/INP,U2884,NBUFFX2
U2333/INP,U2333,INVX0
Add_468/U1_8/CI,Add_468U1_8,FADDX1
Add_468/U1_8/B,Add_468U1_8,FADDX1
Add_468/U1_8/A,Add_468U1_8,FADDX1
Add_428/U1_8/CI,Add_428U1_8,FADDX1
Add_428/U1_8/B,Add_428U1_8,FADDX1
Add_428/U1_8/A,Add_428U1_8,FADDX1
U2430/INP,U2430,DELLN1X2
Sub_408/U2_7/CI,Sub_408U2_7,FADDX2
Sub_408/U2_7/B,Sub_408U2_7,FADDX2
Sub_408/U2_7/A,Sub_408U2_7,FADDX2
Sub_408/U62/INP,Sub_408U62,INVX0
U2886/INP,U2886,NBUFFX2
U3724/INP,U3724,INVX0
Add_368/U1_7/CI,Add_368U1_7,FADDX1
Add_368/U1_7/B,Add_368U1_7,FADDX1
Add_368/U1_7/A,Add_368U1_7,FADDX1
U2554/INP,U2554,DELLN1X2
U2885/INP,U2885,NBUFFX2
U3722/INP,U3722,INVX0
Sub_388/U65/INP,Sub_388U65,INVX0
Sub_388/U2_8/CI,Sub_388U2_8,FADDX1
Sub_388/U2_8/B,Sub_388U2_8,FADDX1
Sub_388/U2_8/A,Sub_388U2_8,FADDX1
Add_348/U1_7/CI,Add_348U1_7,FADDX1
Add_348/U1_7/B,Add_348U1_7,FADDX1
Add_348/U1_7/A,Add_348U1_7,FADDX1
U2872/INP,U2872,DELLN1X2
U2880/INP,U2880,NBUFFX2
U3723/INP,U3723,INVX0
U2502/IN5,U2502,AO221X1
U2502/IN4,U2502,AO221X1
U2502/IN3,U2502,AO221X1
U2502/IN2,U2502,AO221X1
U2502/IN1,U2502,AO221X1
U2450/IN2,U2450,OR2X1
U2450/IN1,U2450,OR2X1
IR_reg[10]/CLK,IR_reg[10],DFFARX1
Sub_111/U107/IN2,Sub_111U107,XOR2X1
Sub_111/U107/IN1,Sub_111U107,XOR2X1
Reg0_reg[11]/CLK,Reg0_reg[11],DFFARX1
U2423/INP,U2423,DELLN2X2
U2424/INP,U2424,DELLN1X2
U3688/IN2,U3688,NOR2X0
U3688/IN1,U3688,NOR2X0
U3678/IN2,U3678,NOR2X0
U3678/IN1,U3678,NOR2X0
Sub_111/U45/IN2,Sub_111U45,AND2X1
Sub_111/U45/IN1,Sub_111U45,AND2X1
Sub_111/U74/INP,Sub_111U74,INVX0
Sub_111/U46/IN2,Sub_111U46,AND2X1
Sub_111/U46/IN1,Sub_111U46,AND2X1
Sub_111/U75/INP,Sub_111U75,INVX0
Sub_111/U69/INP,Sub_111U69,INVX0
Sub_111/U28/IN2,Sub_111U28,NOR2X0
Sub_111/U28/IN1,Sub_111U28,NOR2X0
U902/IN2,U902,XOR2X1
U902/IN1,U902,XOR2X1
U2750/IN2,U2750,NAND2X0
U2750/IN1,U2750,NAND2X0
D_reg[0]/CLK,D_reg[0],DFFARX1
U841/IN3,U841,AO21X1
U841/IN2,U841,AO21X1
U841/IN1,U841,AO21X1
U2744/IN2,U2744,NAND2X0
U2744/IN1,U2744,NAND2X0
D_reg[1]/CLK,D_reg[1],DFFARX1
U2904/INP,U2904,INVX0
Sub_273/U24/IN2,Sub_273U24,AND2X1
Sub_273/U24/IN1,Sub_273U24,AND2X1
Sub_273/U76/INP,Sub_273U76,INVX0
U3729/INP,U3729,INVX0
Sub_111/U41/Q,Sub_111U41,AND2X1
Sub_111/U81/ZN,Sub_111U81,INVX0
IR_reg[24]/Q,IR_reg[24],DFFARX1
Sub_111/U93/Q,Sub_111U93,XOR2X1
Sub_111/U40/Q,Sub_111U40,AND2X1
Sub_111/U82/ZN,Sub_111U82,INVX0
Sub_111/U1/Q,Sub_111U1,XOR2X1
Add_122/U1/Q,Add_122U1,AND2X1
Reg3_reg[5]/Q,Reg3_reg[5],DFFARX1
U2572/QN,U2572,NOR4X1
U2571/QN,U2571,NOR4X1
U2569/QN,U2569,NOR4X1
U2570/QN,U2570,NOR4X1
U3754/QN,U3754,NOR2X0
R728/U24/Q,R728U24,AND2X1
U453/Q,U453,AO22X1
Reg1_reg[12]/Q,Reg1_reg[12],DFFARX1
Reg2_reg[12]/Q,Reg2_reg[12],DFFARX1
U3638/Z,U3638,DELLN1X2
Reg0_reg[10]/Q,Reg0_reg[10],DFFARX1
U2422/Z,U2422,DELLN2X2
Add_122/U48/Q,Add_122U48,XOR2X1
U2425/Z,U2425,DELLN1X2
IR_reg[28]/Q,IR_reg[28],DFFARX1
Sub_111/U89/Q,Sub_111U89,XOR2X1
U3746/ZN,U3746,INVX0
U919/Q,U919,OA22X1
Sub_488/U2_8/CO,Sub_488U2_8,FADDX1
Sub_488/U61/ZN,Sub_488U61,INVX0
Sub_448/U2_7/CO,Sub_448U2_7,FADDX1
Sub_448/U62/ZN,Sub_448U62,INVX0
U2884/Z,U2884,NBUFFX2
U2333/ZN,U2333,INVX0
Add_468/U1_8/CO,Add_468U1_8,FADDX1
Add_428/U1_8/CO,Add_428U1_8,FADDX1
U2430/Z,U2430,DELLN1X2
Sub_408/U2_7/CO,Sub_408U2_7,FADDX2
Sub_408/U62/ZN,Sub_408U62,INVX0
U2886/Z,U2886,NBUFFX2
U3724/ZN,U3724,INVX0
Add_368/U1_7/CO,Add_368U1_7,FADDX1
U2554/Z,U2554,DELLN1X2
U2885/Z,U2885,NBUFFX2
U3722/ZN,U3722,INVX0
Sub_388/U65/ZN,Sub_388U65,INVX0
Sub_388/U2_8/CO,Sub_388U2_8,FADDX1
Add_348/U1_7/CO,Add_348U1_7,FADDX1
U2872/Z,U2872,DELLN1X2
U2880/Z,U2880,NBUFFX2
U3723/ZN,U3723,INVX0
U2502/Q,U2502,AO221X1
U2450/Q,U2450,OR2X1
IR_reg[10]/Q,IR_reg[10],DFFARX1
Sub_111/U107/Q,Sub_111U107,XOR2X1
Reg0_reg[11]/Q,Reg0_reg[11],DFFARX1
U2423/Z,U2423,DELLN2X2
U2424/Z,U2424,DELLN1X2
U3688/QN,U3688,NOR2X0
U3678/QN,U3678,NOR2X0
Sub_111/U45/Q,Sub_111U45,AND2X1
Sub_111/U74/ZN,Sub_111U74,INVX0
Sub_111/U46/Q,Sub_111U46,AND2X1
Sub_111/U75/ZN,Sub_111U75,INVX0
Sub_111/U69/ZN,Sub_111U69,INVX0
Sub_111/U28/QN,Sub_111U28,NOR2X0
U902/Q,U902,XOR2X1
U2750/QN,U2750,NAND2X0
D_reg[0]/Q,D_reg[0],DFFARX1
U841/Q,U841,AO21X1
U2744/QN,U2744,NAND2X0
D_reg[1]/Q,D_reg[1],DFFARX1
U2904/ZN,U2904,INVX0
Sub_273/U24/Q,Sub_273U24,AND2X1
Sub_273/U76/ZN,Sub_273U76,INVX0
U3729/ZN,U3729,INVX0
IR_reg[25]/CLK,IR_reg[25],DFFARX1
Sub_111/U92/IN2,Sub_111U92,XOR2X1
Sub_111/U92/IN1,Sub_111U92,XOR2X1
U911/IN4,U911,OA22X1
U911/IN3,U911,OA22X1
U911/IN2,U911,OA22X1
U911/IN1,U911,OA22X1
U2282/IN3,U2282,NAND3X2
U2282/IN2,U2282,NAND3X2
U2282/IN1,U2282,NAND3X2
IR_reg[26]/CLK,IR_reg[26],DFFARX1
Sub_111/U91/IN2,Sub_111U91,XOR2X1
Sub_111/U91/IN1,Sub_111U91,XOR2X1
U977/IN4,U977,AO22X1
U977/IN3,U977,AO22X1
U977/IN2,U977,AO22X1
U977/IN1,U977,AO22X1
Sub_111/U6/IN2,Sub_111U6,AND2X1
Sub_111/U6/IN1,Sub_111U6,AND2X1
Sub_111/U78/INP,Sub_111U78,INVX0
Add_122/U2/IN2,Add_122U2,AND2X1
Add_122/U2/IN1,Add_122U2,AND2X1
Reg3_reg[6]/CLK,Reg3_reg[6],DFFARX1
Sub_111/U44/IN2,Sub_111U44,AND2X1
Sub_111/U44/IN1,Sub_111U44,AND2X1
Sub_111/U80/INP,Sub_111U80,INVX0
U2395/IN4,U2395,AND4X1
U2395/IN3,U2395,AND4X1
U2395/IN2,U2395,AND4X1
U2395/IN1,U2395,AND4X1
Sub_111/U43/IN2,Sub_111U43,AND2X1
Sub_111/U43/IN1,Sub_111U43,AND2X1
Sub_111/U79/INP,Sub_111U79,INVX0
U2659/IN2,U2659,NOR2X0
U2659/IN1,U2659,NOR2X0
R728/U22/IN2,R728U22,AND2X1
R728/U22/IN1,R728U22,AND2X1
U452/IN5,U452,AO221X1
U452/IN4,U452,AO221X1
U452/IN3,U452,AO221X1
U452/IN2,U452,AO221X1
U452/IN1,U452,AO221X1
U2324/IN4,U2324,AO22X1
U2324/IN3,U2324,AO22X1
U2324/IN2,U2324,AO22X1
U2324/IN1,U2324,AO22X1
Reg1_reg[10]/CLK,Reg1_reg[10],DFFARX1
Reg2_reg[10]/CLK,Reg2_reg[10],DFFARX1
U3645/INP,U3645,DELLN1X2
U904/IN4,U904,OA22X1
U904/IN3,U904,OA22X1
U904/IN2,U904,OA22X1
U904/IN1,U904,OA22X1
U3745/IN2,U3745,NAND2X0
U3745/IN1,U3745,NAND2X0
Sub_488/U2_9/CI,Sub_488U2_9,FADDX1
Sub_488/U2_9/B,Sub_488U2_9,FADDX1
Sub_488/U2_9/A,Sub_488U2_9,FADDX1
Sub_488/U60/INP,Sub_488U60,INVX0
U2332/INP,U2332,NBUFFX4
Sub_448/U2_8/CI,Sub_448U2_8,FADDX1
Sub_448/U2_8/B,Sub_448U2_8,FADDX1
Sub_448/U2_8/A,Sub_448U2_8,FADDX1
Sub_448/U61/INP,Sub_448U61,INVX0
U2512/INP,U2512,DELLN1X2
Add_468/U26/IN2,Add_468U26,NAND2X0
Add_468/U26/IN1,Add_468U26,NAND2X0
Add_468/U25/IN2,Add_468U25,NAND2X0
Add_468/U25/IN1,Add_468U25,NAND2X0
Add_468/U24/IN2,Add_468U24,NAND2X0
Add_468/U24/IN1,Add_468U24,NAND2X0
Add_428/U8/IN2,Add_428U8,NAND2X0
Add_428/U8/IN1,Add_428U8,NAND2X0
Add_428/U9/IN2,Add_428U9,NAND2X0
Add_428/U9/IN1,Add_428U9,NAND2X0
Add_428/U7/IN2,Add_428U7,NAND2X0
Add_428/U7/IN1,Add_428U7,NAND2X0
Sub_408/U2_8/CI,Sub_408U2_8,FADDX1
Sub_408/U2_8/B,Sub_408U2_8,FADDX1
Sub_408/U2_8/A,Sub_408U2_8,FADDX1
Sub_408/U61/INP,Sub_408U61,INVX0
U2431/INP,U2431,DELLN1X2
Add_368/U1_8/CI,Add_368U1_8,FADDX1
Add_368/U1_8/B,Add_368U1_8,FADDX1
Add_368/U1_8/A,Add_368U1_8,FADDX1
U3726/INP,U3726,INVX0
U3873/INP,U3873,DELLN1X2
Sub_388/U11/IN2,Sub_388U11,NAND2X0
Sub_388/U11/IN1,Sub_388U11,NAND2X0
Sub_388/U12/IN2,Sub_388U12,NAND2X0
Sub_388/U12/IN1,Sub_388U12,NAND2X0
Sub_388/U10/IN2,Sub_388U10,NAND2X0
Sub_388/U10/IN1,Sub_388U10,NAND2X0
U2406/INP,U2406,DELLN1X2
Add_348/U1_8/CI,Add_348U1_8,FADDX1
Add_348/U1_8/B,Add_348U1_8,FADDX1
Add_348/U1_8/A,Add_348U1_8,FADDX1
U3727/INP,U3727,INVX0
U2412/INP,U2412,DELLN1X2
U2498/INP,U2498,DELLN1X2
U2535/IN4,U2535,AO22X2
U2535/IN3,U2535,AO22X2
U2535/IN2,U2535,AO22X2
U2535/IN1,U2535,AO22X2
U3661/INP,U3661,DELLN1X2
U456/IN4,U456,AO22X1
U456/IN3,U456,AO22X1
U456/IN2,U456,AO22X1
U456/IN1,U456,AO22X1
Reg1_reg[11]/CLK,Reg1_reg[11],DFFARX1
U2366/INP,U2366,DELLN2X2
Reg2_reg[11]/CLK,Reg2_reg[11],DFFARX1
U2284/INP,U2284,DELLN1X2
IR_reg[20]/CLK,IR_reg[20],DFFARX1
Sub_111/U97/IN2,Sub_111U97,XOR2X1
Sub_111/U97/IN1,Sub_111U97,XOR2X1
IR_reg[19]/CLK,IR_reg[19],DFFARX1
U2957/INP,U2957,INVX0
Sub_111/U98/IN2,Sub_111U98,XOR2X1
Sub_111/U98/IN1,Sub_111U98,XOR2X1
U2492/IN2,U2492,NOR2X0
U2492/IN1,U2492,NOR2X0
IR_reg[31]/CLK,IR_reg[31],DFFARX1
Sub_111/U15/IN2,Sub_111U15,AND2X2
Sub_111/U15/IN1,Sub_111U15,AND2X2
Sub_111/U68/INP,Sub_111U68,INVX0
U2494/IN2,U2494,XNOR2X2
U2494/IN1,U2494,XNOR2X2
U2707/INP,U2707,INVX0
U834/IN4,U834,AO22X1
U834/IN3,U834,AO22X1
U834/IN2,U834,AO22X1
U834/IN1,U834,AO22X1
U837/IN4,U837,AO22X1
U837/IN3,U837,AO22X1
U837/IN2,U837,AO22X1
U837/IN1,U837,AO22X1
Sub_273/U27/IN2,Sub_273U27,AND2X1
Sub_273/U27/IN1,Sub_273U27,AND2X1
Sub_273/U75/INP,Sub_273U75,INVX0
U2776/INP,U2776,DELLN1X2
IR_reg[25]/Q,IR_reg[25],DFFARX1
Sub_111/U92/Q,Sub_111U92,XOR2X1
U911/Q,U911,OA22X1
U2282/QN,U2282,NAND3X2
IR_reg[26]/Q,IR_reg[26],DFFARX1
Sub_111/U91/Q,Sub_111U91,XOR2X1
U977/Q,U977,AO22X1
Sub_111/U6/Q,Sub_111U6,AND2X1
Sub_111/U78/ZN,Sub_111U78,INVX0
Add_122/U2/Q,Add_122U2,AND2X1
Reg3_reg[6]/Q,Reg3_reg[6],DFFARX1
Sub_111/U44/Q,Sub_111U44,AND2X1
Sub_111/U80/ZN,Sub_111U80,INVX0
U2395/Q,U2395,AND4X1
Sub_111/U43/Q,Sub_111U43,AND2X1
Sub_111/U79/ZN,Sub_111U79,INVX0
U2659/QN,U2659,NOR2X0
R728/U22/Q,R728U22,AND2X1
U452/Q,U452,AO221X1
U2324/Q,U2324,AO22X1
Reg1_reg[10]/Q,Reg1_reg[10],DFFARX1
Reg2_reg[10]/Q,Reg2_reg[10],DFFARX1
U3645/Z,U3645,DELLN1X2
U904/Q,U904,OA22X1
U3745/QN,U3745,NAND2X0
Sub_488/U2_9/CO,Sub_488U2_9,FADDX1
Sub_488/U60/ZN,Sub_488U60,INVX0
U2332/Z,U2332,NBUFFX4
Sub_448/U2_8/CO,Sub_448U2_8,FADDX1
Sub_448/U61/ZN,Sub_448U61,INVX0
U2512/Z,U2512,DELLN1X2
Add_468/U26/QN,Add_468U26,NAND2X0
Add_468/U25/QN,Add_468U25,NAND2X0
Add_468/U24/QN,Add_468U24,NAND2X0
Add_428/U8/QN,Add_428U8,NAND2X0
Add_428/U9/QN,Add_428U9,NAND2X0
Add_428/U7/QN,Add_428U7,NAND2X0
Sub_408/U2_8/CO,Sub_408U2_8,FADDX1
Sub_408/U61/ZN,Sub_408U61,INVX0
U2431/Z,U2431,DELLN1X2
Add_368/U1_8/CO,Add_368U1_8,FADDX1
U3726/ZN,U3726,INVX0
U3873/Z,U3873,DELLN1X2
Sub_388/U11/QN,Sub_388U11,NAND2X0
Sub_388/U12/QN,Sub_388U12,NAND2X0
Sub_388/U10/QN,Sub_388U10,NAND2X0
U2406/Z,U2406,DELLN1X2
Add_348/U1_8/CO,Add_348U1_8,FADDX1
U3727/ZN,U3727,INVX0
U2412/Z,U2412,DELLN1X2
U2498/Z,U2498,DELLN1X2
Datai[10],Datai[10],
U2535/Q,U2535,AO22X2
U3661/Z,U3661,DELLN1X2
U456/Q,U456,AO22X1
Reg1_reg[11]/Q,Reg1_reg[11],DFFARX1
U2366/Z,U2366,DELLN2X2
Reg2_reg[11]/Q,Reg2_reg[11],DFFARX1
U2284/Z,U2284,DELLN1X2
IR_reg[20]/Q,IR_reg[20],DFFARX1
IR_reg[31]/QN,IR_reg[31],DFFARX1
Sub_111/U97/Q,Sub_111U97,XOR2X1
IR_reg[19]/Q,IR_reg[19],DFFARX1
U2957/ZN,U2957,INVX0
Sub_111/U98/Q,Sub_111U98,XOR2X1
U2492/QN,U2492,NOR2X0
IR_reg[31]/Q,IR_reg[31],DFFARX1
Sub_111/U15/Q,Sub_111U15,AND2X2
Sub_111/U68/ZN,Sub_111U68,INVX0
U2494/Q,U2494,XNOR2X2
U2707/ZN,U2707,INVX0
U834/Q,U834,AO22X1
U837/Q,U837,AO22X1
Sub_273/U27/Q,Sub_273U27,AND2X1
Sub_273/U75/ZN,Sub_273U75,INVX0
U2776/Z,U2776,DELLN1X2
U915/IN4,U915,AOI22X1
U915/IN3,U915,AOI22X1
U915/IN2,U915,AOI22X1
U915/IN1,U915,AOI22X1
U2303/IN3,U2303,NAND3X0
U2303/IN2,U2303,NAND3X0
U2303/IN1,U2303,NAND3X0
U2777/INP,U2777,INVX0
U3747/IN2,U3747,NAND2X0
U3747/IN1,U3747,NAND2X0
U2811/IN2,U2811,NOR2X0
U2811/IN1,U2811,NOR2X0
U913/IN4,U913,OAI22X1
U913/IN3,U913,OAI22X1
U913/IN2,U913,OAI22X1
U913/IN1,U913,OAI22X1
U3639/INP,U3639,INVX0
U979/IN4,U979,NOR4X0
U979/IN3,U979,NOR4X0
U979/IN2,U979,NOR4X0
U979/IN1,U979,NOR4X0
IR_reg[23]/CLK,IR_reg[23],DFFARX1
U2958/INP,U2958,INVX0
Sub_111/U94/IN2,Sub_111U94,XOR2X1
Sub_111/U94/IN1,Sub_111U94,XOR2X1
Add_122/U3/IN2,Add_122U3,AND2X1
Add_122/U3/IN1,Add_122U3,AND2X1
Reg3_reg[7]/CLK,Reg3_reg[7],DFFARX1
IR_reg[21]/CLK,IR_reg[21],DFFARX1
Sub_111/U96/IN2,Sub_111U96,XOR2X1
Sub_111/U96/IN1,Sub_111U96,XOR2X1
U3755/IN2,U3755,NOR2X0
U3755/IN1,U3755,NOR2X0
U2834/INP,U2834,INVX0
IR_reg[22]/CLK,IR_reg[22],DFFARX1
U2956/INP,U2956,INVX0
U2317/INP,U2317,DELLN1X2
Sub_111/U95/IN2,Sub_111U95,XOR2X1
Sub_111/U95/IN1,Sub_111U95,XOR2X1
U3591/INP,U3591,DELLN1X2
U2582/INP,U2582,INVX0
R728/U23/IN2,R728U23,AND2X1
R728/U23/IN1,R728U23,AND2X1
U2537/INP,U2537,DELLN1X2
U458/IN5,U458,AO221X1
U458/IN4,U458,AO221X1
U458/IN3,U458,AO221X1
U458/IN2,U458,AO221X1
U458/IN1,U458,AO221X1
U3744/IN2,U3744,XNOR2X2
U3744/IN1,U3744,XNOR2X2
Sub_488/U17/IN2,Sub_488U17,NAND2X0
Sub_488/U17/IN1,Sub_488U17,NAND2X0
Sub_488/U16/IN2,Sub_488U16,NAND2X0
Sub_488/U16/IN1,Sub_488U16,NAND2X0
Sub_488/U15/IN2,Sub_488U15,NAND2X0
Sub_488/U15/IN1,Sub_488U15,NAND2X0
Sub_488/U59/INP,Sub_488U59,INVX0
Sub_448/U2_9/CI,Sub_448U2_9,FADDX1
Sub_448/U2_9/B,Sub_448U2_9,FADDX1
Sub_448/U2_9/A,Sub_448U2_9,FADDX1
Sub_448/U60/INP,Sub_448U60,INVX0
Add_468/U27/IN3,Add_468U27,NAND3X0
Add_468/U27/IN2,Add_468U27,NAND3X0
Add_468/U27/IN1,Add_468U27,NAND3X0
U2256/INP,U2256,DELLN1X2
Add_428/U10/IN3,Add_428U10,NAND3X0
Add_428/U10/IN2,Add_428U10,NAND3X0
Add_428/U10/IN1,Add_428U10,NAND3X0
Sub_408/U2_9/CI,Sub_408U2_9,FADDX2
Sub_408/U2_9/B,Sub_408U2_9,FADDX2
Sub_408/U2_9/A,Sub_408U2_9,FADDX2
Sub_408/U60/INP,Sub_408U60,INVX0
Add_368/U1_9/CI,Add_368U1_9,FADDX1
Add_368/U1_9/B,Add_368U1_9,FADDX1
Add_368/U1_9/A,Add_368U1_9,FADDX1
U2775/INP,U2775,DELLN1X2
U2411/INP,U2411,DELLN1X2
Sub_388/U13/IN3,Sub_388U13,NAND3X0
Sub_388/U13/IN2,Sub_388U13,NAND3X0
Sub_388/U13/IN1,Sub_388U13,NAND3X0
Sub_388/U64/INP,Sub_388U64,INVX0
U2499/INP,U2499,DELLN1X2
Add_348/U1_9/CI,Add_348U1_9,FADDX1
Add_348/U1_9/B,Add_348U1_9,FADDX1
Add_348/U1_9/A,Add_348U1_9,FADDX1
U2405/IN4,U2405,AO22X2
U2405/IN3,U2405,AO22X2
U2405/IN2,U2405,AO22X2
U2405/IN1,U2405,AO22X2
U2455/INP,U2455,DELLN1X2
U455/IN5,U455,AO221X1
U455/IN4,U455,AO221X1
U455/IN3,U455,AO221X1
U455/IN2,U455,AO221X1
U455/IN1,U455,AO221X1
U986/IN4,U986,AO22X1
U986/IN3,U986,AO22X1
U986/IN2,U986,AO22X1
U986/IN1,U986,AO22X1
U2815/IN2,U2815,NAND2X0
U2815/IN1,U2815,NAND2X0
U2630/INP,U2630,INVX0
U980/IN4,U980,AO22X1
U980/IN3,U980,AO22X1
U980/IN2,U980,AO22X1
U980/IN1,U980,AO22X1
U2418/IN2,U2418,OR2X1
U2418/IN1,U2418,OR2X1
IR_reg[11]/CLK,IR_reg[11],DFFARX1
U2959/INP,U2959,INVX0
U2371/INP,U2371,DELLN1X2
Sub_111/U106/IN2,Sub_111U106,XOR2X1
Sub_111/U106/IN1,Sub_111U106,XOR2X1
U3753/IN2,U3753,NOR2X0
U3753/IN1,U3753,NOR2X0
U2839/IN2,U2839,NAND2X0
U2839/IN1,U2839,NAND2X0
Sub_273/U12/IN2,Sub_273U12,AND2X1
Sub_273/U12/IN1,Sub_273U12,AND2X1
Sub_273/U74/INP,Sub_273U74,INVX0
U2330/INP,U2330,NBUFFX2
U915/QN,U915,AOI22X1
U2303/QN,U2303,NAND3X0
U2777/ZN,U2777,INVX0
U3747/QN,U3747,NAND2X0
U2811/QN,U2811,NOR2X0
U913/QN,U913,OAI22X1
U3639/ZN,U3639,INVX0
U979/QN,U979,NOR4X0
IR_reg[23]/Q,IR_reg[23],DFFARX1
U2958/ZN,U2958,INVX0
Sub_111/U94/Q,Sub_111U94,XOR2X1
Add_122/U3/Q,Add_122U3,AND2X1
Reg3_reg[7]/Q,Reg3_reg[7],DFFARX1
IR_reg[21]/Q,IR_reg[21],DFFARX1
Sub_111/U96/Q,Sub_111U96,XOR2X1
U3755/QN,U3755,NOR2X0
U2834/ZN,U2834,INVX0
IR_reg[22]/Q,IR_reg[22],DFFARX1
U2956/ZN,U2956,INVX0
U2317/Z,U2317,DELLN1X2
Sub_111/U95/Q,Sub_111U95,XOR2X1
U3591/Z,U3591,DELLN1X2
U2582/ZN,U2582,INVX0
R728/U23/Q,R728U23,AND2X1
U2537/Z,U2537,DELLN1X2
U458/Q,U458,AO221X1
U3744/Q,U3744,XNOR2X2
Sub_488/U17/QN,Sub_488U17,NAND2X0
Sub_488/U16/QN,Sub_488U16,NAND2X0
Sub_488/U15/QN,Sub_488U15,NAND2X0
Sub_488/U59/ZN,Sub_488U59,INVX0
Sub_448/U2_9/CO,Sub_448U2_9,FADDX1
Sub_448/U60/ZN,Sub_448U60,INVX0
Add_468/U27/QN,Add_468U27,NAND3X0
U2256/Z,U2256,DELLN1X2
Add_428/U10/QN,Add_428U10,NAND3X0
Sub_408/U2_9/CO,Sub_408U2_9,FADDX2
Sub_408/U60/ZN,Sub_408U60,INVX0
Add_368/U1_9/CO,Add_368U1_9,FADDX1
U2775/Z,U2775,DELLN1X2
U2411/Z,U2411,DELLN1X2
Sub_388/U13/QN,Sub_388U13,NAND3X0
Sub_388/U64/ZN,Sub_388U64,INVX0
U2499/Z,U2499,DELLN1X2
Add_348/U1_9/CO,Add_348U1_9,FADDX1
U2405/Q,U2405,AO22X2
U2455/Z,U2455,DELLN1X2
U455/Q,U455,AO221X1
U986/Q,U986,AO22X1
U2815/QN,U2815,NAND2X0
U2630/ZN,U2630,INVX0
U980/Q,U980,AO22X1
U2418/Q,U2418,OR2X1
IR_reg[11]/Q,IR_reg[11],DFFARX1
U2959/ZN,U2959,INVX0
U2371/Z,U2371,DELLN1X2
Sub_111/U106/Q,Sub_111U106,XOR2X1
U3753/QN,U3753,NOR2X0
U2839/QN,U2839,NAND2X0
Sub_273/U12/Q,Sub_273U12,AND2X1
Sub_273/U74/ZN,Sub_273U74,INVX0
U2330/Z,U2330,NBUFFX2
U890/IN2,U890,XNOR2X1
U890/IN1,U890,XNOR2X1
U891/IN2,U891,XNOR2X1
U891/IN1,U891,XNOR2X1
U893/IN2,U893,XOR2X1
U893/IN1,U893,XOR2X1
U2822/IN3,U2822,OA21X1
U2822/IN2,U2822,OA21X1
U2822/IN1,U2822,OA21X1
U988/IN4,U988,AOI22X1
U988/IN3,U988,AOI22X1
U988/IN2,U988,AOI22X1
U988/IN1,U988,AOI22X1
Add_122/U4/IN2,Add_122U4,AND2X1
Add_122/U4/IN1,Add_122U4,AND2X1
Reg3_reg[8]/CLK,Reg3_reg[8],DFFARX1
U984/IN4,U984,AO22X1
U984/IN3,U984,AO22X1
U984/IN2,U984,AO22X1
U984/IN1,U984,AO22X1
U922/IN3,U922,NAND3X0
U922/IN2,U922,NAND3X0
U922/IN1,U922,NAND3X0
U2833/IN2,U2833,NOR2X0
U2833/IN1,U2833,NOR2X0
U982/IN4,U982,AO22X1
U982/IN3,U982,AO22X1
U982/IN2,U982,AO22X1
U982/IN1,U982,AO22X1
U2646/INP,U2646,INVX0
U3628/INP,U3628,NBUFFX4
U2577/INP,U2577,NBUFFX2
R728/U54/IN2,R728U54,XOR2X1
R728/U54/IN1,R728U54,XOR2X1
U2447/INP,U2447,NBUFFX4
U2326/INP,U2326,DELLN1X2
U2754/INP,U2754,NBUFFX2
Sub_488/U18/IN3,Sub_488U18,NAND3X0
Sub_488/U18/IN2,Sub_488U18,NAND3X0
Sub_488/U18/IN1,Sub_488U18,NAND3X0
Sub_488/U19/IN2,Sub_488U19,XOR2X1
Sub_488/U19/IN1,Sub_488U19,XOR2X1
Sub_448/U2_10/CI,Sub_448U2_10,FADDX1
Sub_448/U2_10/B,Sub_448U2_10,FADDX1
Sub_448/U2_10/A,Sub_448U2_10,FADDX1
Sub_448/U59/INP,Sub_448U59,INVX0
Add_468/U1_10/CI,Add_468U1_10,FADDX2
Add_468/U1_10/B,Add_468U1_10,FADDX2
Add_468/U1_10/A,Add_468U1_10,FADDX2
U2514/INP,U2514,DELLN1X2
U2331/INP,U2331,DELLN1X2
U2893/INP,U2893,NBUFFX2
Add_428/U1_10/CI,Add_428U1_10,FADDX1
Add_428/U1_10/B,Add_428U1_10,FADDX1
Add_428/U1_10/A,Add_428U1_10,FADDX1
Sub_408/U2_10/CI,Sub_408U2_10,FADDX1
Sub_408/U2_10/B,Sub_408U2_10,FADDX1
Sub_408/U2_10/A,Sub_408U2_10,FADDX1
Sub_408/U59/INP,Sub_408U59,INVX0
U3764/INP,U3764,NBUFFX2
Add_368/U1_10/CI,Add_368U1_10,FADDX1
Add_368/U1_10/B,Add_368U1_10,FADDX1
Add_368/U1_10/A,Add_368U1_10,FADDX1
U2290/INP,U2290,DELLN1X2
U2756/INP,U2756,NBUFFX2
Sub_388/U2_10/CI,Sub_388U2_10,FADDX1
Sub_388/U2_10/B,Sub_388U2_10,FADDX1
Sub_388/U2_10/A,Sub_388U2_10,FADDX1
Sub_388/U63/INP,Sub_388U63,INVX0
U3763/INP,U3763,NBUFFX2
U2758/INP,U2758,NBUFFX2
Add_348/U1_10/CI,Add_348U1_10,FADDX1
Add_348/U1_10/B,Add_348U1_10,FADDX1
Add_348/U1_10/A,Add_348U1_10,FADDX1
U2891/INP,U2891,NBUFFX2
U2254/INP,U2254,DELLN1X2
U887/IN2,U887,XNOR2X1
U887/IN1,U887,XNOR2X1
U886/IN2,U886,XNOR2X1
U886/IN1,U886,XNOR2X1
U3691/INP,U3691,DELLN1X2
U2553/IN4,U2553,AO22X1
U2553/IN3,U2553,AO22X1
U2553/IN2,U2553,AO22X1
U2553/IN1,U2553,AO22X1
U3663/INP,U3663,DELLN1X2
U2757/INP,U2757,NBUFFX2
U2761/INP,U2761,NBUFFX2
U2755/INP,U2755,NBUFFX2
Sub_273/U17/IN2,Sub_273U17,AND2X1
Sub_273/U17/IN1,Sub_273U17,AND2X1
Sub_273/U73/INP,Sub_273U73,INVX0
U890/Q,U890,XNOR2X1
U891/Q,U891,XNOR2X1
U893/Q,U893,XOR2X1
U2822/Q,U2822,OA21X1
U988/QN,U988,AOI22X1
Add_122/U4/Q,Add_122U4,AND2X1
Reg3_reg[8]/Q,Reg3_reg[8],DFFARX1
U984/Q,U984,AO22X1
U922/QN,U922,NAND3X0
U2833/QN,U2833,NOR2X0
U982/Q,U982,AO22X1
U2646/ZN,U2646,INVX0
U3628/Z,U3628,NBUFFX4
U2577/Z,U2577,NBUFFX2
R728/U54/Q,R728U54,XOR2X1
U2447/Z,U2447,NBUFFX4
U2326/Z,U2326,DELLN1X2
U2754/Z,U2754,NBUFFX2
Sub_488/U18/QN,Sub_488U18,NAND3X0
Sub_488/U19/Q,Sub_488U19,XOR2X1
Sub_448/U2_10/CO,Sub_448U2_10,FADDX1
Sub_448/U59/ZN,Sub_448U59,INVX0
Add_468/U1_10/CO,Add_468U1_10,FADDX2
U2514/Z,U2514,DELLN1X2
U2331/Z,U2331,DELLN1X2
U2893/Z,U2893,NBUFFX2
Add_428/U1_10/CO,Add_428U1_10,FADDX1
Sub_408/U2_10/CO,Sub_408U2_10,FADDX1
Sub_408/U59/ZN,Sub_408U59,INVX0
U3764/Z,U3764,NBUFFX2
Add_368/U1_10/CO,Add_368U1_10,FADDX1
U2290/Z,U2290,DELLN1X2
U2756/Z,U2756,NBUFFX2
Sub_388/U2_10/CO,Sub_388U2_10,FADDX1
Sub_388/U63/ZN,Sub_388U63,INVX0
U3763/Z,U3763,NBUFFX2
U2758/Z,U2758,NBUFFX2
Add_348/U1_10/CO,Add_348U1_10,FADDX1
U2891/Z,U2891,NBUFFX2
U2254/Z,U2254,DELLN1X2
U887/Q,U887,XNOR2X1
U886/Q,U886,XNOR2X1
U3691/Z,U3691,DELLN1X2
Datai[11],Datai[11],
U2553/Q,U2553,AO22X1
U3663/Z,U3663,DELLN1X2
U2757/Z,U2757,NBUFFX2
U2761/Z,U2761,NBUFFX2
U2755/Z,U2755,NBUFFX2
Sub_273/U17/Q,Sub_273U17,AND2X1
Sub_273/U73/ZN,Sub_273U73,INVX0
U889/IN3,U889,NOR3X0
U889/IN2,U889,NOR3X0
U889/IN1,U889,NOR3X0
U926/IN2,U926,XOR2X1
U926/IN1,U926,XOR2X1
U2945/INP,U2945,NBUFFX2
Add_122/U19/IN2,Add_122U19,AND2X1
Add_122/U19/IN1,Add_122U19,AND2X1
Reg3_reg[9]/CLK,Reg3_reg[9],DFFARX1
U921/IN2,U921,XNOR2X1
U921/IN1,U921,XNOR2X1
U896/IN2,U896,XOR2X1
U896/IN1,U896,XOR2X1
U2579/IN2,U2579,NOR2X0
U2579/IN1,U2579,NOR2X0
U457/IN4,U457,AO22X1
U457/IN3,U457,AO22X1
U457/IN2,U457,AO22X1
U457/IN1,U457,AO22X1
U3827/INP,U3827,INVX0
U3836/INP,U3836,INVX0
Sub_488/U20/IN2,Sub_488U20,XOR2X1
Sub_488/U20/IN1,Sub_488U20,XOR2X1
U3832/INP,U3832,INVX0
Sub_448/U2_11/CI,Sub_448U2_11,FADDX1
Sub_448/U2_11/B,Sub_448U2_11,FADDX1
Sub_448/U2_11/A,Sub_448U2_11,FADDX1
U3834/INP,U3834,INVX0
Add_468/U1_11/CI,Add_468U1_11,FADDX1
Add_468/U1_11/B,Add_468U1_11,FADDX1
Add_468/U1_11/A,Add_468U1_11,FADDX1
U3850/INP,U3850,INVX0
Add_428/U17/IN3,Add_428U17,XOR3X1
Add_428/U17/IN2,Add_428U17,XOR3X1
Add_428/U17/IN1,Add_428U17,XOR3X1
U3848/INP,U3848,INVX0
Sub_408/U2_11/CI,Sub_408U2_11,FADDX2
Sub_408/U2_11/B,Sub_408U2_11,FADDX2
Sub_408/U2_11/A,Sub_408U2_11,FADDX2
U3844/INP,U3844,INVX0
Add_368/U1_11/CI,Add_368U1_11,FADDX1
Add_368/U1_11/B,Add_368U1_11,FADDX1
Add_368/U1_11/A,Add_368U1_11,FADDX1
U3846/INP,U3846,INVX0
Sub_388/U2_11/CI,Sub_388U2_11,FADDX1
Sub_388/U2_11/B,Sub_388U2_11,FADDX1
Sub_388/U2_11/A,Sub_388U2_11,FADDX1
U3841/INP,U3841,INVX0
Add_348/U1_11/CI,Add_348U1_11,FADDX1
Add_348/U1_11/B,Add_348U1_11,FADDX1
Add_348/U1_11/A,Add_348U1_11,FADDX1
U3593/INP,U3593,INVX0
U3592/INP,U3592,DELLN1X2
U2460/IN4,U2460,AO22X2
U2460/IN3,U2460,AO22X2
U2460/IN2,U2460,AO22X2
U2460/IN1,U2460,AO22X2
U2878/INP,U2878,NBUFFX2
U3830/INP,U3830,INVX0
U2925/IN2,U2925,AND2X1
U2925/IN1,U2925,AND2X1
U3839/INP,U3839,INVX0
Sub_273/U46/IN2,Sub_273U46,XOR2X1
Sub_273/U46/IN1,Sub_273U46,XOR2X1
U889/QN,U889,NOR3X0
U926/Q,U926,XOR2X1
U2945/Z,U2945,NBUFFX2
Add_122/U19/Q,Add_122U19,AND2X1
Reg3_reg[9]/Q,Reg3_reg[9],DFFARX1
State_reg/Q,State_reg,DFFARX1
U921/Q,U921,XNOR2X1
U896/Q,U896,XOR2X1
U2579/QN,U2579,NOR2X0
U457/Q,U457,AO22X1
U3827/ZN,U3827,INVX0
U3836/ZN,U3836,INVX0
Sub_488/U20/Q,Sub_488U20,XOR2X1
U3832/ZN,U3832,INVX0
Sub_448/U2_11/S,Sub_448U2_11,FADDX1
U3834/ZN,U3834,INVX0
Add_468/U1_11/S,Add_468U1_11,FADDX1
U3850/ZN,U3850,INVX0
Add_428/U17/Q,Add_428U17,XOR3X1
U3848/ZN,U3848,INVX0
Sub_408/U2_11/S,Sub_408U2_11,FADDX2
U3844/ZN,U3844,INVX0
Add_368/U1_11/S,Add_368U1_11,FADDX1
U3846/ZN,U3846,INVX0
Sub_388/U2_11/S,Sub_388U2_11,FADDX1
U3841/ZN,U3841,INVX0
Add_348/U1_11/S,Add_348U1_11,FADDX1
U3593/ZN,U3593,INVX0
U3592/Z,U3592,DELLN1X2
U2460/Q,U2460,AO22X2
U2878/Z,U2878,NBUFFX2
U3830/ZN,U3830,INVX0
U2925/Q,U2925,AND2X1
U3839/ZN,U3839,INVX0
Sub_273/U46/Q,Sub_273U46,XOR2X1
U2721/IN2,U2721,NOR2X0
U2721/IN1,U2721,NOR2X0
U2847/INP,U2847,NBUFFX2
Add_122/U20/IN2,Add_122U20,AND2X1
Add_122/U20/IN1,Add_122U20,AND2X1
Reg3_reg[10]/CLK,Reg3_reg[10],DFFARX1
U2968/IN2,U2968,NAND2X0
U2968/IN1,U2968,NAND2X0
U2739/INP,U2739,INVX0
U2745/INP,U2745,INVX0
U2575/INP,U2575,NBUFFX2
U388/IN3,U388,AO21X1
U388/IN2,U388,AO21X1
U388/IN1,U388,AO21X1
U527/IN3,U527,AO21X1
U527/IN2,U527,AO21X1
U527/IN1,U527,AO21X1
U585/IN3,U585,AO21X1
U585/IN2,U585,AO21X1
U585/IN1,U585,AO21X1
U556/IN3,U556,AO21X1
U556/IN2,U556,AO21X1
U556/IN1,U556,AO21X1
U614/IN3,U614,AO21X1
U614/IN2,U614,AO21X1
U614/IN1,U614,AO21X1
U643/IN3,U643,AO21X1
U643/IN2,U643,AO21X1
U643/IN1,U643,AO21X1
U701/IN3,U701,AO21X1
U701/IN2,U701,AO21X1
U701/IN1,U701,AO21X1
U672/IN3,U672,AO21X1
U672/IN2,U672,AO21X1
U672/IN1,U672,AO21X1
U730/IN3,U730,AO21X1
U730/IN2,U730,AO21X1
U730/IN1,U730,AO21X1
U2674/INP,U2674,INVX0
U2686/INP,U2686,NBUFFX2
U2892/INP,U2892,NBUFFX2
U793/IN3,U793,AO21X1
U793/IN2,U793,AO21X1
U793/IN1,U793,AO21X1
U275/IN3,U275,AO21X1
U275/IN2,U275,AO21X1
U275/IN1,U275,AO21X1
U2721/QN,U2721,NOR2X0
U2847/Z,U2847,NBUFFX2
Add_122/U20/Q,Add_122U20,AND2X1
Reg3_reg[10]/Q,Reg3_reg[10],DFFARX1
U2968/QN,U2968,NAND2X0
U2739/ZN,U2739,INVX0
U2745/ZN,U2745,INVX0
U2575/Z,U2575,NBUFFX2
U388/Q,U388,AO21X1
U527/Q,U527,AO21X1
U585/Q,U585,AO21X1
U556/Q,U556,AO21X1
U614/Q,U614,AO21X1
U643/Q,U643,AO21X1
U701/Q,U701,AO21X1
U672/Q,U672,AO21X1
U730/Q,U730,AO21X1
U2674/ZN,U2674,INVX0
U2686/Z,U2686,NBUFFX2
U2892/Z,U2892,NBUFFX2
U793/Q,U793,AO21X1
U275/Q,U275,AO21X1
State_reg/CLK,State_reg,DFFARX1
U2771/IN2,U2771,NOR2X0
U2771/IN1,U2771,NOR2X0
Add_122/U21/IN2,Add_122U21,AND2X1
Add_122/U21/IN1,Add_122U21,AND2X1
U2897/INP,U2897,INVX0
U3603/INP,U3603,INVX0
U2681/INP,U2681,INVX0
U3050/S,U3050,MUX21X1
U3050/IN2,U3050,MUX21X1
U3050/IN1,U3050,MUX21X1
U3051/S1,U3051,MUX41X1
U3051/S0,U3051,MUX41X1
U3051/IN4,U3051,MUX41X1
U3051/IN3,U3051,MUX41X1
U3051/IN2,U3051,MUX41X1
U3051/IN1,U3051,MUX41X1
U3052/S1,U3052,MUX41X1
U3052/S0,U3052,MUX41X1
U3052/IN4,U3052,MUX41X1
U3052/IN3,U3052,MUX41X1
U3052/IN2,U3052,MUX41X1
U3052/IN1,U3052,MUX41X1
U3053/S1,U3053,MUX41X1
U3053/S0,U3053,MUX41X1
U3053/IN4,U3053,MUX41X1
U3053/IN3,U3053,MUX41X1
U3053/IN2,U3053,MUX41X1
U3053/IN1,U3053,MUX41X1
State_reg/QN,State_reg,DFFARX1
U2771/QN,U2771,NOR2X0
Add_122/U21/Q,Add_122U21,AND2X1
U2897/ZN,U2897,INVX0
U3603/ZN,U3603,INVX0
U2681/ZN,U2681,INVX0
U3050/Q,U3050,MUX21X1
U3051/Q,U3051,MUX41X1
U3052/Q,U3052,MUX41X1
U3053/Q,U3053,MUX41X1
U2946/INP,U2946,NBUFFX4
Reg3_reg[11]/CLK,Reg3_reg[11],DFFARX1
U2693/INP,U2693,NBUFFX2
Add_122/U47/IN2,Add_122U47,XOR2X1
Add_122/U47/IN1,Add_122U47,XOR2X1
U2806/INP,U2806,NBUFFX2
U3054/S1,U3054,MUX41X1
U3054/S0,U3054,MUX41X1
U3054/IN4,U3054,MUX41X1
U3054/IN3,U3054,MUX41X1
U3054/IN2,U3054,MUX41X1
U3054/IN1,U3054,MUX41X1
U2946/Z,U2946,NBUFFX4
Reg3_reg[11]/Q,Reg3_reg[11],DFFARX1
U2693/Z,U2693,NBUFFX2
Add_122/U47/Q,Add_122U47,XOR2X1
U2806/Z,U2806,NBUFFX2
U3054/Q,U3054,MUX41X1
U31/IN6,U31,AO222X1
U31/IN5,U31,AO222X1
U31/IN4,U31,AO222X1
U31/IN3,U31,AO222X1
U31/IN2,U31,AO222X1
U31/IN1,U31,AO222X1
U31/Q,U31,AO222X1
Reg3_reg[11]/D,Reg3_reg[11],DFFARX1
